USE [DemoKotdusov]
GO
/****** Object:  Table [dbo].[Material]    Script Date: 26-Feb-24 6:36:48 PM ******/
SET ANSI_NULLS ON
GO
SET QUOTED_IDENTIFIER ON
GO
CREATE TABLE [dbo].[Material](
	[Id] [int] NOT NULL,
	[Name] [nvarchar](50) NOT NULL,
	[MaterialTypeId] [int] NOT NULL,
	[PackageAmount] [int] NOT NULL,
	[MeasurementTypeId] [int] NOT NULL,
	[TotalCount] [int] NOT NULL,
	[MinimumBalance] [int] NOT NULL,
	[Price] [decimal](18, 2) NOT NULL,
 CONSTRAINT [PK_Material] PRIMARY KEY CLUSTERED 
(
	[Id] ASC
)WITH (PAD_INDEX = OFF, STATISTICS_NORECOMPUTE = OFF, IGNORE_DUP_KEY = OFF, ALLOW_ROW_LOCKS = ON, ALLOW_PAGE_LOCKS = ON, OPTIMIZE_FOR_SEQUENTIAL_KEY = OFF) ON [PRIMARY]
) ON [PRIMARY]
GO
/****** Object:  Table [dbo].[MaterialType]    Script Date: 26-Feb-24 6:36:48 PM ******/
SET ANSI_NULLS ON
GO
SET QUOTED_IDENTIFIER ON
GO
CREATE TABLE [dbo].[MaterialType](
	[Id] [int] NOT NULL,
	[Name] [nvarchar](50) NOT NULL,
 CONSTRAINT [PK_MaterialType] PRIMARY KEY CLUSTERED 
(
	[Id] ASC
)WITH (PAD_INDEX = OFF, STATISTICS_NORECOMPUTE = OFF, IGNORE_DUP_KEY = OFF, ALLOW_ROW_LOCKS = ON, ALLOW_PAGE_LOCKS = ON, OPTIMIZE_FOR_SEQUENTIAL_KEY = OFF) ON [PRIMARY]
) ON [PRIMARY]
GO
/****** Object:  Table [dbo].[MeasurementType]    Script Date: 26-Feb-24 6:36:48 PM ******/
SET ANSI_NULLS ON
GO
SET QUOTED_IDENTIFIER ON
GO
CREATE TABLE [dbo].[MeasurementType](
	[Id] [int] NOT NULL,
	[Name] [nvarchar](50) NOT NULL,
 CONSTRAINT [PK_MeasurementType] PRIMARY KEY CLUSTERED 
(
	[Id] ASC
)WITH (PAD_INDEX = OFF, STATISTICS_NORECOMPUTE = OFF, IGNORE_DUP_KEY = OFF, ALLOW_ROW_LOCKS = ON, ALLOW_PAGE_LOCKS = ON, OPTIMIZE_FOR_SEQUENTIAL_KEY = OFF) ON [PRIMARY]
) ON [PRIMARY]
GO
/****** Object:  Table [dbo].[Product]    Script Date: 26-Feb-24 6:36:48 PM ******/
SET ANSI_NULLS ON
GO
SET QUOTED_IDENTIFIER ON
GO
CREATE TABLE [dbo].[Product](
	[Id] [int] NOT NULL,
	[Name] [nvarchar](50) NOT NULL,
	[Articul] [nvarchar](10) NOT NULL,
	[MinimalCost] [decimal](18, 2) NOT NULL,
	[ProductTypeId] [int] NOT NULL,
	[WorkersCount] [int] NOT NULL,
	[WorkshopId] [int] NOT NULL,
	[Image] [image] NULL,
 CONSTRAINT [PK_Product] PRIMARY KEY CLUSTERED 
(
	[Id] ASC
)WITH (PAD_INDEX = OFF, STATISTICS_NORECOMPUTE = OFF, IGNORE_DUP_KEY = OFF, ALLOW_ROW_LOCKS = ON, ALLOW_PAGE_LOCKS = ON, OPTIMIZE_FOR_SEQUENTIAL_KEY = OFF) ON [PRIMARY]
) ON [PRIMARY] TEXTIMAGE_ON [PRIMARY]
GO
/****** Object:  Table [dbo].[ProductMaterial]    Script Date: 26-Feb-24 6:36:48 PM ******/
SET ANSI_NULLS ON
GO
SET QUOTED_IDENTIFIER ON
GO
CREATE TABLE [dbo].[ProductMaterial](
	[Id] [int] NOT NULL,
	[ProductId] [int] NOT NULL,
	[MaterialId] [int] NOT NULL,
	[MaterialCount] [int] NOT NULL,
 CONSTRAINT [PK_ProductMaterial] PRIMARY KEY CLUSTERED 
(
	[Id] ASC
)WITH (PAD_INDEX = OFF, STATISTICS_NORECOMPUTE = OFF, IGNORE_DUP_KEY = OFF, ALLOW_ROW_LOCKS = ON, ALLOW_PAGE_LOCKS = ON, OPTIMIZE_FOR_SEQUENTIAL_KEY = OFF) ON [PRIMARY]
) ON [PRIMARY]
GO
/****** Object:  Table [dbo].[ProductType]    Script Date: 26-Feb-24 6:36:48 PM ******/
SET ANSI_NULLS ON
GO
SET QUOTED_IDENTIFIER ON
GO
CREATE TABLE [dbo].[ProductType](
	[Id] [int] NOT NULL,
	[Name] [nvarchar](50) NOT NULL,
 CONSTRAINT [PK_ProductType] PRIMARY KEY CLUSTERED 
(
	[Id] ASC
)WITH (PAD_INDEX = OFF, STATISTICS_NORECOMPUTE = OFF, IGNORE_DUP_KEY = OFF, ALLOW_ROW_LOCKS = ON, ALLOW_PAGE_LOCKS = ON, OPTIMIZE_FOR_SEQUENTIAL_KEY = OFF) ON [PRIMARY]
) ON [PRIMARY]
GO
/****** Object:  Table [dbo].[Workshop]    Script Date: 26-Feb-24 6:36:48 PM ******/
SET ANSI_NULLS ON
GO
SET QUOTED_IDENTIFIER ON
GO
CREATE TABLE [dbo].[Workshop](
	[Id] [int] NOT NULL,
	[Name] [nvarchar](50) NOT NULL,
 CONSTRAINT [PK_Workshop] PRIMARY KEY CLUSTERED 
(
	[Id] ASC
)WITH (PAD_INDEX = OFF, STATISTICS_NORECOMPUTE = OFF, IGNORE_DUP_KEY = OFF, ALLOW_ROW_LOCKS = ON, ALLOW_PAGE_LOCKS = ON, OPTIMIZE_FOR_SEQUENTIAL_KEY = OFF) ON [PRIMARY]
) ON [PRIMARY]
GO
INSERT [dbo].[Material] ([Id], [Name], [MaterialTypeId], [PackageAmount], [MeasurementTypeId], [TotalCount], [MinimumBalance], [Price]) VALUES (1, N'Спрессованный материал серый 0x2', 1, 5, 1, 140, 49, CAST(33128.00 AS Decimal(18, 2)))
INSERT [dbo].[Material] ([Id], [Name], [MaterialTypeId], [PackageAmount], [MeasurementTypeId], [TotalCount], [MinimumBalance], [Price]) VALUES (2, N'Рулон бумаги зеленый 1x1', 2, 3, 1, 634, 36, CAST(26841.00 AS Decimal(18, 2)))
INSERT [dbo].[Material] ([Id], [Name], [MaterialTypeId], [PackageAmount], [MeasurementTypeId], [TotalCount], [MinimumBalance], [Price]) VALUES (3, N'Спрессованный материал розовый 2x1', 1, 8, 1, 636, 21, CAST(52606.00 AS Decimal(18, 2)))
INSERT [dbo].[Material] ([Id], [Name], [MaterialTypeId], [PackageAmount], [MeasurementTypeId], [TotalCount], [MinimumBalance], [Price]) VALUES (4, N'Гранулы для бумаги розовый 2x2', 3, 10, 2, 661, 16, CAST(10608.00 AS Decimal(18, 2)))
INSERT [dbo].[Material] ([Id], [Name], [MaterialTypeId], [PackageAmount], [MeasurementTypeId], [TotalCount], [MinimumBalance], [Price]) VALUES (5, N'Спрессованный материал белый 1x1', 1, 7, 3, 843, 16, CAST(43440.00 AS Decimal(18, 2)))
INSERT [dbo].[Material] ([Id], [Name], [MaterialTypeId], [PackageAmount], [MeasurementTypeId], [TotalCount], [MinimumBalance], [Price]) VALUES (6, N'Рулон бумаги белый 1x0', 2, 1, 1, 501, 49, CAST(15833.00 AS Decimal(18, 2)))
INSERT [dbo].[Material] ([Id], [Name], [MaterialTypeId], [PackageAmount], [MeasurementTypeId], [TotalCount], [MinimumBalance], [Price]) VALUES (7, N'Переработка бумаги синий 0x3', 4, 9, 1, 958, 32, CAST(14180.00 AS Decimal(18, 2)))
INSERT [dbo].[Material] ([Id], [Name], [MaterialTypeId], [PackageAmount], [MeasurementTypeId], [TotalCount], [MinimumBalance], [Price]) VALUES (8, N'Рулон бумаги цветной 2x0', 2, 3, 1, 386, 46, CAST(35544.00 AS Decimal(18, 2)))
INSERT [dbo].[Material] ([Id], [Name], [MaterialTypeId], [PackageAmount], [MeasurementTypeId], [TotalCount], [MinimumBalance], [Price]) VALUES (9, N'Рулон бумаги зеленый 2x2', 2, 8, 3, 593, 20, CAST(55016.00 AS Decimal(18, 2)))
INSERT [dbo].[Material] ([Id], [Name], [MaterialTypeId], [PackageAmount], [MeasurementTypeId], [TotalCount], [MinimumBalance], [Price]) VALUES (10, N'Рулон бумаги белый 3x2', 2, 4, 3, 16, 31, CAST(53759.00 AS Decimal(18, 2)))
INSERT [dbo].[Material] ([Id], [Name], [MaterialTypeId], [PackageAmount], [MeasurementTypeId], [TotalCount], [MinimumBalance], [Price]) VALUES (11, N'Переработка бумаги серый 3x3', 4, 10, 1, 89, 20, CAST(49391.00 AS Decimal(18, 2)))
INSERT [dbo].[Material] ([Id], [Name], [MaterialTypeId], [PackageAmount], [MeasurementTypeId], [TotalCount], [MinimumBalance], [Price]) VALUES (12, N'Гранулы для бумаги синий 1x2', 3, 6, 2, 112, 34, CAST(25624.00 AS Decimal(18, 2)))
INSERT [dbo].[Material] ([Id], [Name], [MaterialTypeId], [PackageAmount], [MeasurementTypeId], [TotalCount], [MinimumBalance], [Price]) VALUES (13, N'Рулон бумаги серый 3x3', 2, 3, 1, 596, 8, CAST(50247.00 AS Decimal(18, 2)))
INSERT [dbo].[Material] ([Id], [Name], [MaterialTypeId], [PackageAmount], [MeasurementTypeId], [TotalCount], [MinimumBalance], [Price]) VALUES (14, N'Спрессованный материал цветной 1x3', 1, 3, 1, 772, 40, CAST(51672.00 AS Decimal(18, 2)))
INSERT [dbo].[Material] ([Id], [Name], [MaterialTypeId], [PackageAmount], [MeasurementTypeId], [TotalCount], [MinimumBalance], [Price]) VALUES (15, N'Рулон бумаги синий 2x2', 2, 6, 3, 363, 47, CAST(38450.00 AS Decimal(18, 2)))
INSERT [dbo].[Material] ([Id], [Name], [MaterialTypeId], [PackageAmount], [MeasurementTypeId], [TotalCount], [MinimumBalance], [Price]) VALUES (16, N'Гранулы для бумаги розовый 0x3', 3, 4, 2, 379, 41, CAST(3868.00 AS Decimal(18, 2)))
INSERT [dbo].[Material] ([Id], [Name], [MaterialTypeId], [PackageAmount], [MeasurementTypeId], [TotalCount], [MinimumBalance], [Price]) VALUES (17, N'Переработка бумаги цветной 1x3', 4, 6, 3, 32, 34, CAST(37930.00 AS Decimal(18, 2)))
INSERT [dbo].[Material] ([Id], [Name], [MaterialTypeId], [PackageAmount], [MeasurementTypeId], [TotalCount], [MinimumBalance], [Price]) VALUES (18, N'Гранулы для бумаги цветной 0x1', 3, 5, 2, 759, 28, CAST(9216.00 AS Decimal(18, 2)))
INSERT [dbo].[Material] ([Id], [Name], [MaterialTypeId], [PackageAmount], [MeasurementTypeId], [TotalCount], [MinimumBalance], [Price]) VALUES (19, N'Рулон бумаги цветной 1x2', 2, 10, 1, 246, 37, CAST(5016.00 AS Decimal(18, 2)))
INSERT [dbo].[Material] ([Id], [Name], [MaterialTypeId], [PackageAmount], [MeasurementTypeId], [TotalCount], [MinimumBalance], [Price]) VALUES (20, N'Переработка бумаги серый 1x2', 4, 8, 1, 516, 49, CAST(35981.00 AS Decimal(18, 2)))
INSERT [dbo].[Material] ([Id], [Name], [MaterialTypeId], [PackageAmount], [MeasurementTypeId], [TotalCount], [MinimumBalance], [Price]) VALUES (21, N'Спрессованный материал синий 0x2', 1, 3, 3, 514, 40, CAST(6555.00 AS Decimal(18, 2)))
INSERT [dbo].[Material] ([Id], [Name], [MaterialTypeId], [PackageAmount], [MeasurementTypeId], [TotalCount], [MinimumBalance], [Price]) VALUES (22, N'Переработка бумаги синий 1x2', 4, 4, 1, 81, 32, CAST(47873.00 AS Decimal(18, 2)))
INSERT [dbo].[Material] ([Id], [Name], [MaterialTypeId], [PackageAmount], [MeasurementTypeId], [TotalCount], [MinimumBalance], [Price]) VALUES (23, N'Спрессованный материал цветной 1x2', 1, 1, 1, 429, 47, CAST(15802.00 AS Decimal(18, 2)))
INSERT [dbo].[Material] ([Id], [Name], [MaterialTypeId], [PackageAmount], [MeasurementTypeId], [TotalCount], [MinimumBalance], [Price]) VALUES (24, N'Рулон бумаги розовый 2x1', 2, 1, 1, 349, 9, CAST(36163.00 AS Decimal(18, 2)))
INSERT [dbo].[Material] ([Id], [Name], [MaterialTypeId], [PackageAmount], [MeasurementTypeId], [TotalCount], [MinimumBalance], [Price]) VALUES (25, N'Рулон бумаги белый 3x3', 2, 2, 3, 201, 46, CAST(51261.00 AS Decimal(18, 2)))
INSERT [dbo].[Material] ([Id], [Name], [MaterialTypeId], [PackageAmount], [MeasurementTypeId], [TotalCount], [MinimumBalance], [Price]) VALUES (26, N'Рулон бумаги цветной 2x2', 2, 10, 3, 534, 46, CAST(50776.00 AS Decimal(18, 2)))
INSERT [dbo].[Material] ([Id], [Name], [MaterialTypeId], [PackageAmount], [MeasurementTypeId], [TotalCount], [MinimumBalance], [Price]) VALUES (27, N'Спрессованный материал розовый 2x3', 1, 3, 1, 552, 7, CAST(4657.00 AS Decimal(18, 2)))
INSERT [dbo].[Material] ([Id], [Name], [MaterialTypeId], [PackageAmount], [MeasurementTypeId], [TotalCount], [MinimumBalance], [Price]) VALUES (28, N'Рулон бумаги розовый 3x2', 2, 9, 1, 144, 41, CAST(51776.00 AS Decimal(18, 2)))
INSERT [dbo].[Material] ([Id], [Name], [MaterialTypeId], [PackageAmount], [MeasurementTypeId], [TotalCount], [MinimumBalance], [Price]) VALUES (29, N'Переработка бумаги синий 0x1', 4, 7, 1, 97, 30, CAST(47937.00 AS Decimal(18, 2)))
INSERT [dbo].[Material] ([Id], [Name], [MaterialTypeId], [PackageAmount], [MeasurementTypeId], [TotalCount], [MinimumBalance], [Price]) VALUES (30, N'Спрессованный материал розовый 1x2', 1, 7, 1, 509, 26, CAST(10604.00 AS Decimal(18, 2)))
INSERT [dbo].[Material] ([Id], [Name], [MaterialTypeId], [PackageAmount], [MeasurementTypeId], [TotalCount], [MinimumBalance], [Price]) VALUES (31, N'Рулон бумаги цветной 1x3', 2, 10, 3, 149, 13, CAST(22724.00 AS Decimal(18, 2)))
INSERT [dbo].[Material] ([Id], [Name], [MaterialTypeId], [PackageAmount], [MeasurementTypeId], [TotalCount], [MinimumBalance], [Price]) VALUES (32, N'Рулон бумаги синий 3x2', 2, 9, 1, 508, 16, CAST(25561.00 AS Decimal(18, 2)))
INSERT [dbo].[Material] ([Id], [Name], [MaterialTypeId], [PackageAmount], [MeasurementTypeId], [TotalCount], [MinimumBalance], [Price]) VALUES (33, N'Рулон бумаги зеленый 2x3', 2, 2, 1, 181, 35, CAST(45388.00 AS Decimal(18, 2)))
INSERT [dbo].[Material] ([Id], [Name], [MaterialTypeId], [PackageAmount], [MeasurementTypeId], [TotalCount], [MinimumBalance], [Price]) VALUES (34, N'Гранулы для бумаги розовый 0x2', 3, 7, 3, 37, 50, CAST(17227.00 AS Decimal(18, 2)))
INSERT [dbo].[Material] ([Id], [Name], [MaterialTypeId], [PackageAmount], [MeasurementTypeId], [TotalCount], [MinimumBalance], [Price]) VALUES (35, N'Переработка бумаги цветной 0x0', 4, 9, 1, 508, 19, CAST(51147.00 AS Decimal(18, 2)))
INSERT [dbo].[Material] ([Id], [Name], [MaterialTypeId], [PackageAmount], [MeasurementTypeId], [TotalCount], [MinimumBalance], [Price]) VALUES (36, N'Переработка бумаги серый 0x2', 4, 3, 1, 167, 17, CAST(10248.00 AS Decimal(18, 2)))
INSERT [dbo].[Material] ([Id], [Name], [MaterialTypeId], [PackageAmount], [MeasurementTypeId], [TotalCount], [MinimumBalance], [Price]) VALUES (37, N'Гранулы для бумаги цветной 0x3', 3, 10, 3, 962, 33, CAST(35922.00 AS Decimal(18, 2)))
INSERT [dbo].[Material] ([Id], [Name], [MaterialTypeId], [PackageAmount], [MeasurementTypeId], [TotalCount], [MinimumBalance], [Price]) VALUES (38, N'Рулон бумаги зеленый 3x3', 2, 3, 1, 861, 45, CAST(37283.00 AS Decimal(18, 2)))
INSERT [dbo].[Material] ([Id], [Name], [MaterialTypeId], [PackageAmount], [MeasurementTypeId], [TotalCount], [MinimumBalance], [Price]) VALUES (39, N'Рулон бумаги белый 0x3', 2, 2, 1, 933, 50, CAST(7253.00 AS Decimal(18, 2)))
INSERT [dbo].[Material] ([Id], [Name], [MaterialTypeId], [PackageAmount], [MeasurementTypeId], [TotalCount], [MinimumBalance], [Price]) VALUES (40, N'Рулон бумаги синий 3x1', 2, 3, 1, 720, 11, CAST(44675.00 AS Decimal(18, 2)))
INSERT [dbo].[Material] ([Id], [Name], [MaterialTypeId], [PackageAmount], [MeasurementTypeId], [TotalCount], [MinimumBalance], [Price]) VALUES (41, N'Спрессованный материал белый 3x3', 1, 8, 1, 942, 12, CAST(17600.00 AS Decimal(18, 2)))
INSERT [dbo].[Material] ([Id], [Name], [MaterialTypeId], [PackageAmount], [MeasurementTypeId], [TotalCount], [MinimumBalance], [Price]) VALUES (42, N'Рулон бумаги белый 1x3', 2, 2, 3, 382, 10, CAST(32770.00 AS Decimal(18, 2)))
INSERT [dbo].[Material] ([Id], [Name], [MaterialTypeId], [PackageAmount], [MeasurementTypeId], [TotalCount], [MinimumBalance], [Price]) VALUES (43, N'Переработка бумаги белый 3x0', 4, 10, 1, 247, 11, CAST(39500.00 AS Decimal(18, 2)))
INSERT [dbo].[Material] ([Id], [Name], [MaterialTypeId], [PackageAmount], [MeasurementTypeId], [TotalCount], [MinimumBalance], [Price]) VALUES (44, N'Гранулы для бумаги синий 1x3', 3, 10, 2, 841, 18, CAST(38700.00 AS Decimal(18, 2)))
INSERT [dbo].[Material] ([Id], [Name], [MaterialTypeId], [PackageAmount], [MeasurementTypeId], [TotalCount], [MinimumBalance], [Price]) VALUES (45, N'Спрессованный материал синий 3x1', 1, 10, 1, 270, 50, CAST(38809.00 AS Decimal(18, 2)))
INSERT [dbo].[Material] ([Id], [Name], [MaterialTypeId], [PackageAmount], [MeasurementTypeId], [TotalCount], [MinimumBalance], [Price]) VALUES (46, N'Спрессованный материал цветной 0x0', 1, 6, 1, 754, 24, CAST(4611.00 AS Decimal(18, 2)))
INSERT [dbo].[Material] ([Id], [Name], [MaterialTypeId], [PackageAmount], [MeasurementTypeId], [TotalCount], [MinimumBalance], [Price]) VALUES (47, N'Переработка бумаги цветной 0x1', 4, 8, 1, 833, 34, CAST(53875.00 AS Decimal(18, 2)))
INSERT [dbo].[Material] ([Id], [Name], [MaterialTypeId], [PackageAmount], [MeasurementTypeId], [TotalCount], [MinimumBalance], [Price]) VALUES (48, N'Спрессованный материал цветной 1x0', 1, 8, 1, 856, 26, CAST(12817.00 AS Decimal(18, 2)))
INSERT [dbo].[Material] ([Id], [Name], [MaterialTypeId], [PackageAmount], [MeasurementTypeId], [TotalCount], [MinimumBalance], [Price]) VALUES (49, N'Переработка бумаги синий 0x2', 4, 9, 3, 709, 47, CAST(23157.00 AS Decimal(18, 2)))
GO
INSERT [dbo].[MaterialType] ([Id], [Name]) VALUES (1, N' Пресс    ')
INSERT [dbo].[MaterialType] ([Id], [Name]) VALUES (2, N' Рулон    ')
INSERT [dbo].[MaterialType] ([Id], [Name]) VALUES (3, N' Гранулы  ')
INSERT [dbo].[MaterialType] ([Id], [Name]) VALUES (4, N' Нарезка  ')
GO
INSERT [dbo].[MeasurementType] ([Id], [Name]) VALUES (1, N' м')
INSERT [dbo].[MeasurementType] ([Id], [Name]) VALUES (2, N' л')
INSERT [dbo].[MeasurementType] ([Id], [Name]) VALUES (3, N' кг')
GO
INSERT [dbo].[Product] ([Id], [Name], [Articul], [MinimalCost], [ProductTypeId], [WorkersCount], [WorkshopId], [Image]) VALUES (1, N'Полотенце 28М Клубника', N'334385', CAST(9208.00 AS Decimal(18, 2)), 1, 2, 6, 0xFFD8FFE000104A46494600010100000100010000FFDB008400090607080706090807080A0A090B0D160F0D0C0C0D1B14151016201D2222201D1F1F2428342C242631271F1F2D3D2D3135373A3A3A232B3F443F384334393A37010A0A0A0D0C0D1A0F0F1A37251F253737373737373737373737373737373737373737373737373737373737373737373737373737373737373737373737373737FFC0001108009F009F03012200021101031101FFC4001B00010002030101000000000000000000000002050103040607FFC4003A1000020201010406060A000700000000000001020311040512213106415161719113225281A1B11423323342536272D1F0074344637392B2FFC40017010101010100000000000000000000000000010203FFC4001811010101010100000000000000000000000001113102FFDA000C03010002110311003F00FB8800000000000000000000000000000000000000000000000000000000000000000000000000000001C7ABDA3A7D2CB76726E7ECC7A89ED0D47D1B4B3B3AF185E27959C9C9B72796F9E4D49A95E86BDAD4CF9425EF68DAB6855D70923CBC66E0F28EC85CA714F3C45984ABE5AFA5FB4BDC496B687F89F9142A7C78925670E6455FAD552FF1FC0CAD452FFCC8FBD941BFDE677FBDF981E83D356F94E3E6677E3ED2F33CFA9F799DF03D06F2ED192815AD72912574BDA7E6417C0A3FA459EDCBCC92D4DBF992FF00B302E814EB556FB6FCC2D5DBF98C0B8C82A96B2E5F8FE06C86BE49ADF49AEE02C410AAD8DB1CC1E5130293A476FDCD29F36E4FFBE651E73CCB1DBB3DED7B5ECC52FEF995A99B8833354F75987C8D364B7705A4777A432A67329E5646F985752B3893DF38BD21B14F215D4AC33BE72EF13DE03A148CE4E65327BE06FDE33191A14C92901BB78CA66972E06632C81BB249334291952C320ECD3EA1D3627D5D7E05CC5A94535C99E6F78B9D9F6FA5D3F7C5E023CEED69675F7BFD583E7DD28E926A741B5955A4B37634A4E4BDA7D8CF7DB4F8EB751FBD9F12E94EA1CF6E6BB3F9AD791ABC47D7F47A886B3474EAAAE10BA0A6BDE4356F1537D8517F877A877F45A85279F456D95F82DECAF848BEBF8D724FAD1A9C4428B734F324AD2B74F6E20E3936AB17699AAED9CF11C9285C71BB1383CB311B13C3C8C558BB09C6D2BFD22C7324ACEF260ED76E19256672B270596ACC5F6A270B788C1DBE9897A6C35C7995EAD4DF32564F18E231564ECF5739231B79F79C4ACF539F518AEFE3EB72183BA37619B25672E2564ADC4DE3C4D8ED6D203BE56E12792DB61DDBD3943B564F3729FA99CFC4B5E8E4DCB5697E9611A36B47775F7AFD593E2BD31D2CAADBFAC497AAE6A4BDE7DC76F43776849FB514D1E1BA57D1FB3695D5EA74B152B71BB24DA595D46BB110FF000D69955D18DE92C6FEA6C92EF5C17CD1E8EDFB0FC0D5B27451D9FB334FA48F3AE386F1CDBE2FE2CD97BDD84A5D88B388A58BC3978924DF6908C5FADC49C63C3F1799956CDEF5198A9871F51F3CF7B32A2BAE39F7812B258DDF12509F79094561244A11E1C12CF8012B66B2B8AF712AEC8A6B8B22F3BDC304E39EB022E4F3EAC65E46D9C9CA11CC5A92ED66A8C59B66B2D052129EE358595CDB66639DD5EB7C0CA8E1128A1A20FED714DF0252E4B87C49289350C93412CC3EC2C9E87A2D4CB7ECB65C92DD29A153961453CE7860F61B374BF44D242BC7ADCE5E24155D26862EA2CF6A2E3FDF3295E0F4FB7A87768F7E2B2EB79C1E59B474F3C465F239B54FEAE5E0743673EA32E3842A2BA30E12E04E359BF7171EF33846755A3749289B07026AB5EE714C946297512CA31BCB1CD0D184B8935121BF15D68CBBA11E7244D1351249659CF1D5D7378ADEFBEC871F91D5555ABBBEE745A99AED554B1F220CA8928C4E8AB646D8B796877176D96452F836FE075D3D1BDA527F5B769ABFDBBD2FE02B863046EAEACE37564B8D2F46E3069EA7552B3BA11DD2DF4FA2D3E997D55493ED7C5F9815FB27663AA4AEBE2935F653EA2E002A2338A945C64B29AC35DA8F23B5B412D15B94B344BECCBB3B99EC0D76D50B612AEC829C24B0D496532CB895E0DCD234CAC8AE67B0B3A3DB3AC967D0CA3DD1B1A4623D1AD929E65A4DFF00DF64A4BC9B16E98F116EAEAAF9CE2BC4D31D6C6C78A94ACFF8D397C8FA2D3B1B6652D3AB676920FB634C73E783B2308C3842118AEE5822BE6D5E9B685CB34ECFD4CB3D7E8DAF99D756C0DB96FF00A58559EBB6D4BE593E8200F13574476A4FEFB5BA6ABF645CFF0083AEBE86431F5FB42E93FF006E0A3FC9EAC01E7EAE88ECB82C58AFB975EFDD25FF009C1DB4EC0D934E1D7B3B4F95C9CEB527E6F896600D75D355697A3AE10FDB148D8000180000000000000000000000000000000000000000000000000000000000000000000000000000000000000000000FFFD9)
INSERT [dbo].[Product] ([Id], [Name], [Articul], [MinimalCost], [ProductTypeId], [WorkersCount], [WorkshopId], [Image]) VALUES (2, N'Набор 24М Дыня', N'337632', CAST(11471.00 AS Decimal(18, 2)), 2, 5, 5, NULL)
INSERT [dbo].[Product] ([Id], [Name], [Articul], [MinimalCost], [ProductTypeId], [WorkersCount], [WorkshopId], [Image]) VALUES (3, N'Набор 9М Бриз', N'259548', CAST(2317.00 AS Decimal(18, 2)), 2, 4, 5, NULL)
INSERT [dbo].[Product] ([Id], [Name], [Articul], [MinimalCost], [ProductTypeId], [WorkersCount], [WorkshopId], [Image]) VALUES (4, N'Набор 50М Клубника', N'278721', CAST(14220.00 AS Decimal(18, 2)), 3, 3, 1, NULL)
INSERT [dbo].[Product] ([Id], [Name], [Articul], [MinimalCost], [ProductTypeId], [WorkersCount], [WorkshopId], [Image]) VALUES (5, N'Полотенце 24М Дыня', N'264493', CAST(10479.00 AS Decimal(18, 2)), 2, 5, 10, NULL)
INSERT [dbo].[Product] ([Id], [Name], [Articul], [MinimalCost], [ProductTypeId], [WorkersCount], [WorkshopId], [Image]) VALUES (6, N'Бумага 21М Дыня', N'366160', CAST(11064.00 AS Decimal(18, 2)), 4, 1, 2, 0xFFD8FFE000104A46494600010100000100010000FFDB008400090607121212150F101215151515151515100F151510151510151515161615151515181D2820181A251D151521312125292B2E2E2E171F3338332D37282D2E2B010A0A0A0E0D0D150F10153819151D2B2D2B2B302D2D2B2B2B2B2B2B372B2B2D372B2B2B2B2D2B2B372B2B2B2B2B2B2B2D2E372B372B2B2B2B2B2B2B2B2B2B2B2BFFC000110800E100E103012200021101031101FFC4001B00010003010101010000000000000000000001020304050607FFC4003910010100010203040707030207000000000001020311042131415171B1051232618191C106131422A1D1F023527292F1153342436282E1FFC40017010101010100000000000000000000000000010203FFC4001D110101000203000300000000000000000000010211031351213141FFDA000C03010002110311003F00FDC40000000000000000000000000000000000000000000000000001CDA9C4F663F3FD81D2AE5A9275B1C59656F5B7C11C9743AAF113B37AA5D7CBB24601A1AFDEE5DE8B9DEFBF372717C669E963EB6A678E13BF2B3F4783C47DB4D0976D2C35353B26531F531F9E5CECF0959B9633ED6636FD3E9EDF7FEB4FE76BE275FED76B65EC61A7878DCB3B3E3CBC9C57ED4713D3EF26FEEC30E5EFE718EEC5B9C55FA10FCEB53ED3F137FEF59EF98695F3C5861F6B78B9CAEAFAD6765D3D2FA48774F0EAAFD337FE7325F7DF9D7E7BA3F6DF88C7DBC34F393AED2E37F4BF47ABC07DBBE1F3FCBAB8E5A77BFDAC7E739C59CB8D4BC7947D84D4CBBD7C75EF6C8E4D1D7C73932C6CB2F39676B57461D33889DBC9AE394BD2B83621A1E80E5D3D7BDBCDD18672F4416000000000000001C9C66A739877CB7C76DBF762AFA5AED9617DD94F265A7AFDEB11D321B298E72F6B48A20B16D8D81F0BF6A3D09C45D5CB5A4CB571FF00A64E774E6DCE7ABD7E31E04E5CB2EBDBFECFD62E2AEAE86397B58CCBFCA4BE6E3970CB77B75C796CF8D3F27F5B69DBCBAEDDDEFED53533ED9B4E5CBE91FA865E87E1EF5D0D3FF462CA7D9FE17AFDC61BFF00EDFBB3D37D6BBA78FCB77EDFD99E794DBDDD3B1FAC63E82E1A74E1F4FF00D32F9AF3D0FC3EFBFE1F4BC7EEF0FD8E8BE9DD3C7E3D9596F2EFE927E91E8FA3FECD715AF7F2E95C70FEFD49EA633E737BF08FD6B4B87C70E58638E3EEC71C71F269B353867ED4BCB7F23CAF407A27F0DA38E97AD72B3AE5B6D2DF74EC8F4F65F63D575935F0E56ED416F54D9511B2DA5ED4F136FE76AB8DFCD3C5077008A000000000000F37D333D8F8FD1E7E35E8FA67A63E37C9E6E2B06B8E6DB0D461179B08E8C75DA4D572CABE345744D589FBD8C655E63045BEF627EF22B3089F52027EF223EF226633F9FCEAB49015994EE4E37DCB6F11EB027D639A662B480A4C3BEA64DBA72F35AAB950572531BF9A78C5AD52F59E33CC1E8008A000000000000F3FD33ECE3FE5F4AF323D5F4BCFC93FCA7957958AC179132544698D10F54E6B4A99415DEAD325A48B4C20AACD4A99A8BCC169A60CBEF2F7265B5BE3846B2031C34EF6D6D8E1B2DB1B8820DD502D556D8BC814B19E5F56959E60F44045000000000000727A527F4EF8CF378F8BD9F49CFE9E5F0F38F1A458348BC671A411321B262411B262C91538DA9F5910A0ACD5E7D37F8F47669E7BCDDE7E4DB87CFB10765A82459511B2516A00B55A9D8A0AD5335EB3CD47A2222595000000000000737A43FE5E5E1F58F1B17B7C74FE9E5E15E24582F178A45E08B44C44585226262601115250639430AB64A441E86967BC59CBC3E5CF6756CA80946E0540851154C9753207769F49E1165347D99E11765400000000000197173F265FE37C9E162F7B5FD9CBFC6F93C1C160BC5E2B16822D128891568B456241250A833C99B4CA33C817C6EDD1DDA796F37704ADF87CF6BE241D3B81BB482370A0856AD55075F0FECC68CB85F67E7E6D5950000000000005357D9BE17C9E060FA0CFA5F0AF9FD3E8B0698AD148B88B45A2A91568B29168092929BA0A5675AD674118AF19C5A20EED3CB79BACE6E1F2E7B77BA1A8894510A155A945074F0B797C5B39F84E97C7E91D0CA800000000000232E95F3BA7D1F455F39A5D01B62BC5315E28989426505932222C806C9014B14AD3252833B130C91105E3B71CB79BB863A386CBB160DD09A869108A94506DC1F6FC1D2E6E0FB7E1F574B2A0000000000003E6F1FAECFA47CEE5CB3CA7FE5979D0698AF14C57516109882D168AC580490056A95A552833B10B5510597C32DB9B38B0AEE951596867D9F26AD329DD5C9656A8D784EB7C23A9CBC275BE0EA654000000000000791C7FA3F296EA69F3DF9E58F6FBF6EFF07AE03E774B3DFDDDF2F58DE3D4E2384C33E7673FEE9CAFCDC79FA3F29ECD96775E57F6518C4A32C729ED636797CC9920BC5A2B2AD01284EC804556C5EA9419D8A55B2ACF2C905A2CCA66D30DEF496F84B41AE965B5F375ECE7C384CEF66DE2E8B8D9F96FCFBD622109DD163435E17AFC1D4E4E17ADF075A550040000000000000000659F0D85EB8CF1DB9FCE3501CB781C3B379E17F747E0676657F47580E4FC25FEEFD3FF00A8BC25EF8EC01C7F84BDF3F53F05EFFD1D8038FF00033B6FCA27FE1F876CB7E3FB3AC061870984E984F96FE6DA448032E231E5BF7352C07052AD9E3B5D93861BB5B469C263D6FC1D08C66DC92CA80000000000000000000000000000000000000033D5D3DF9AD861B2C00000000000000000000000000000000000000000000000000000003FFFD9)
INSERT [dbo].[Product] ([Id], [Name], [Articul], [MinimalCost], [ProductTypeId], [WorkersCount], [WorkshopId], [Image]) VALUES (7, N'Полотенце 37М Клубника', N'292358', CAST(3961.00 AS Decimal(18, 2)), 5, 4, 2, NULL)
INSERT [dbo].[Product] ([Id], [Name], [Articul], [MinimalCost], [ProductTypeId], [WorkersCount], [WorkshopId], [Image]) VALUES (8, N'Набор 6М Бриз', N'289779', CAST(14154.00 AS Decimal(18, 2)), 5, 1, 6, NULL)
INSERT [dbo].[Product] ([Id], [Name], [Articul], [MinimalCost], [ProductTypeId], [WorkersCount], [WorkshopId], [Image]) VALUES (9, N'Бумага 37М Клубника', N'442634', CAST(12664.00 AS Decimal(18, 2)), 3, 5, 4, 0xFFD8FFE000104A46494600010100000100010000FFDB008400090607121012120F1010100F101510151210120E15151015150F1811161715151516181D2820181A251B151521312125292B2E2E2E171F3338352C37282D2E2B010A0A0A0D0D0E150F1018371915192B2D2B2B2D2B382B2D2D2B2D2D2B2B2D2B2D2D372D2D372B37372D2D2D2D2D2B2D2D2D2B2D2B2D2D2D2D2B2D2D2E2D2B372BFFC0001108010100C403012200021101031101FFC4001B00010002030101000000000000000000000001050203060407FFC4004610000201020303070806080505010000000001020311041221314151050613226171D21653819193B1C1F0233272A1D1F1071442627382A2E15263B2B3C233438392A315FFC40017010101010100000000000000000000000000010203FFC4001A110101010101010100000000000000000000110131022112FFDA000C03010002110311003F00B7001B7100000000000000000000000000000000000000000000000000000000000000000000000000000000000000000000000000000000000000000026316F626FBB50201E88606ACB652A8FF959BE1C8D5DFF00DA6BBDC57BD8578016D0E6ED77B54177CBF046E5CDAA9B5CE0BBAEC5228C1D1C39AFC6AFAA3FDCDD0E6C53DF3A8FBB2AF812935CB03AE873768A766A6FBE4F67A12327C91416CA77ED6E4FE22AC71E0EBE7C9545AB74715DD74FD651F2A724BA5D68DE50DF7DB1EFECED1537158002A0000000000000000000006CC3D195492841669376491ACECF9ADC99D1D3E964BAF3575D94F77AF6FA86EAE6563C9DCDE853579A552A7EF2BC53EC8EFF004FDC5B429AB2B592DD6D343D39428986E346423259F7FBFF002F71E8CA4E50B1A321390DD18F1DBBEDAEA4E503CEA1BB5E37F4996436B85F4D9DA89B6B6DFF008FE4078F12ECADBDFB8F29B3133BC9F668BD1F2CD4B89513722514D34D5D5ACD3E033129DFBC0E3B95709D0D471FD97AC3BB87A0F1DCEA39C986CF49CD6D83CCBECEC92F8FA0E494CD631ADD706B52324C2320000000000000001EAE4CC2F4D569D2DD292BFD95ACBEE4CFA4A56B24B4B6ED8B82F9E0725CCCC15E5FAC678B591A8C16AD5E56CD27BAF95D970773AE33AE9E713621AF94445BB2BAB3B6AB6EA4DC8A9063A2E0B5D7BC9B80B6B7ECD9F1248B98AB2B25A2D8ADBACBEED80666352764DF04D8B9A71B2EA3F42FBC0AD1EE20D789ACA9C25397D58C5CE5DC95CACB667FC8C6A5649A5AB93D918A7293EDB2D6DDBB0E1B0B4562273C5622BD5825AE5A59159EDB2724DA49703A3AF8EFD5E3083937525052AB395AF27B126D6E5A962ACF135528B55613841A69CA494A2935AE6716F2AED763E79295A528DEEE2DAD3B1DAE759439C39649E6D2FAEFD37E8FB0E6BFFCF55711515194211C9D24633BC56B2B492B276D6CEDDA5C67D635C666E833CF8DA35286B3836B8C1C5FAAED331C2E3213FAADBF435A8663DC8931833200000000001800745FA36C44EA53AF2A892719C2968ADF521C3D28EC2E73BCCA82546A34AD7ACDBED79228E86E675D306F669DFD9A13722E427B7BF4EEB2F8DC8AC88CDB8817032B8B98A7C40129FF006EEB7E679F1EFABFCCBE26F3C9CA0ED18AFDEB2FFD5835E3B951CEDA96C2D559B2E6518667B93924DFAAE5A951CEDA59F0B517D97FD48D32F9E42114ACF16BD119F84BDE72CA588A54715464E5149D3A991BEACB75F82BDFD68E6FF5565AF37E7529CE4A2FAAE0F3C5EB196AAD74F6EF2D4AAB5D2ADF3F5B67B3090ABACFA48D3938DA2A796F285F56A2DA76BADBD8F81F40E4EC0D0A9152E8D5F64A2F74BF0389FD24452C5D24924961A0925A25F4B50537551CA75F131BF5D76DAF1BFA8735F338CA52FDA9B6B7E964BE0638F8A73D527A2DBA973C934D648E8B7FBC26ED5853D8666313208000000000000EC799CFE865FC57FE9897AB4F9E2EE73FCCD97D14D7F9BFF0897EFBEDDC675D338CAE2E6371722A51262C5C097EAFCC5C8004DCF0F2ACBFE92E337FEDC99EC4CACE5C9D9E1DFF009CFF00D9A85C4DE20D78AA2AA42507B251717E95B4D84FB995970D0C0435536A138BB4E326959AEFDDBD337E07933475D27924D4637FF0C6FD6EE6DBF523A6C5F2652AAD4AA538CDAD8F5D9C1DB6AEC67AB224B2D95AD6B6E4B8014DC9CDD39665B1ED5C51C4FE90EA66C6D97ECD0A6BD2F34BDD247D17F54CAECB66EF49F29E73623A5C6E224B674B917741287FC426B1C67D7F422EF9297D1C7D3EF6526266A53BAD55AC5BF24D78B8A86C92BEDDFADF42B2B34490890A000000000000EA79992EAD55FBD17F73FC0E8EE72DCCD975AAAEC8BF5397E274F733AE99C493731B90BDFF00911595C76EFF009FC4C54AFAAD84DC094FE583162E04BD74F714FCE595A345F0AEBD59245BDCA7E742BD28FF00117FA645CEA6F1B284EEBBB433F715981C45AD7D8EDE87C7D65A159C45984B7B16F97FDC94BD6079B9531AA851AB5A5FB1094FBE56EAAF5D91F12A2DB799BBB6EEDF16F56CEEBF49BCAE94618383D64D54ABF613EA27DED5FF009571388C342ED2E2EC5C4D7A69A3D54A4D59ADAB546954DC5D9AB33DD81C339B5FE14F57F02B2BE448408A000000000000BCE694ED564B8D37F74A3F89D5E8BB37B38DE6CCAD5E3DB192FBAFF03B1B99D6F38CAE2E60E42E4564D93730B8B8195C18DC5C0C932B39C15211A69D49C69C7A45ACDA8ABE59595D962CE4FF0049B0BE025D9569BFEAB7C461ACA8E3686C588A0FFF00243F13DF86C753B25D2D2D34569C5E9C369F0EE8BB0742B81B61F7C55E3B7346DC54958E6B9C7CF4A3878B851942BD7D8941E6845F19C96DEE4EFDDB4F94AA2B81B234C159D6AD3AB3955A9273A93966949EF7F05BADB8F5E123D68FDA5EF3453A67B30B1EB47ED2F7865D0D2827B527DFA9EB8A345147A1019200050000000000007BF90656C453EF6BD7068ED6E70DC952B56A5FC48AF5BB7C4EDAFB8CEB7E59DC8B9008A9B8B98A24037C3E592410C0C8E73F4830CD81ABD92A6FFF00AC4E86E5373CA17C1575FBB17EAA91631378F8E7463A33D5906436E6F32A6671A66F503250035C607A70B1EB47ED2F791181E8C347AD1FB4BDE51794D1B518A4644548000000000000000DD8276A94DF0A907FD48EECE029CACD3E0D3FBCEFD935AF284C921B065A4B41900090404C092B39C90BE1310B6FD149FA95FE0591E5E55866A15A3C68CD7F4306BE41909C87A320C87472685032503728192801A940DD423D68FDA5EF0A26CA4BACBBD7BC0B744A008A000000000000000033BF8CAE93ECB9C01DD615DE107FB917FD24D6BCB7100196802DBFE7E7509800C0006BC446F092E3192FB99B0896FF009DC07CA1449CA6DCA329D1C9AB28CA6DCA32915AEC654D6ABBD7BCCAC4C16ABBD01640000000000000000000076187C5469D0A739BB2E8E2BBDE5D8B8B38F3757C4CA6A117F5611CB15EF7DE357363ADC372852A89494946EF2DA6D295F72B5FB7EF3D69FCFA6C7026D862669E6539293566EEEF6E17245FD3B90D1C6CB952B36A5D2CAEBD0BD4B42E69F3860F2A9464B4EBBDC9DB72DE8916E2E41E1C1F2B53AB9ACF2DBFC768DD715A9EBA55549668B524F7C5DD7A02B300203E6938EAFBDFBCC729BEAC7AD2FB4FDE61634E6D79458D96160356525236588B01EC0000000000000000000000000000000033A589A90BA84E514F6A8BB7CB30006CC2E32A526E50934E5F5AFD6BF7DCE8393B97E339284E3924DA516B58FA786A736108B9AC2AC7AD2FB4FDE6194DCD1194234D86536E51940D5948B1BB291940CC000000000000141E5A607CFBF655BC03CB4C0F9F7ECAB780B162FC141E5A607CFBF655BC03CB4C0F9F7ECAB780422FC141E5A607CFBF655BC03CB4C0F9F7ECAB780422FC141E5A607CFBF655BC03CB4C0F9F7ECAB780422FC141E5A607CFBF655BC03CB4C0F9F7ECAB780422FC141E5A607CFBF655BC03CB4C0F9F7ECAB780422FC141E5A607CFBF655BC03CB4C0F9F7ECAB780422FC141E5A607CFBF655BC03CB4C0F9F7ECAB780422FC141E5A607CFBF655BC03CB4C0F9F7ECAB780422FC141E5A607CFBF655BC03CB4C0F9F7ECAB780422FC141E5A607CFBF655BC03CB4C0F9F7ECAB780422FC141E5A607CFBF655BC03CB4C0F9F7ECAB780422FC141E5A607CFBF655BC00423E55460A528C5C94139462E72D914DA4E4FB16DF41EE5C8B5B2B96557556749C5CA3079E1B52CCD666DE64946EDE4915CD16D2E715769A796CE314D45D4A7D68E7FA4BD39C5B9C9D4A92776D3727A6C36E8D51E45ACD49DA19A32845D3E929395E4A6FACB3755AC8DB52B34AEDD945B5B793F9BD5AAD4A74DE482A8E6A1253855CD9293A8D528D393755B4AC946F794946E9B35AE599A94A4A9D1529BBD5769BE92569294A49CEC9B8D4A91796CAD525A5ECD632E5572E8E32A3879D2A79D53A32553A34A695D3B4F3BD566BE6BDDBD7713E8F76279AB5E294A0E1517495612E91AC2B82A51A7294AA4710E0E0BE9126DE8A565779A37C28735B1529F472A6A9C9AAD963294255272A34AA4DAA74A32CF51374DC54A29C6EF6B33AFCECAF5164A94F0F529E574FA3946A65E85C2947A2BAA8A5957414649DF329534F36AD399F3BB10E71AD968AAF055634ABC233854A54EA42A45C20E3349463D2C9C6E9B4EDA93E8ABC6E07A1D273874AA72854A51719E46B8CE12717E8D963C86FC7629D6A93AAE3084A72CD28D2592199FD6718DDDAEEEECB4D5DACAC9683480000000000000000CE9D294BEAC652D9F55396D765B389AD497147A7058D9D17295369395395395D5FA92B5F4E3A27E82CEA73A71129393E8EF2DB6528AB5D3D8A5B6F15AEDEDD15829941E5E932CB266CB9ECF2E6B5F2E6D97B6B6315AABEEBA4DEE4DA6D26F8E8FD4CB98F39F109CA57A6DCA4A5AC5B4AD18ACB159AD18BC916D2DAD2BDEC8C2BF386B4E32A72549C656CCB2CBF66A39C6D795BEB37AED7BEE154F9D7147A6960EACD29429559A7A45C213926ECDE8D2D744DFA0B45CE9C4ACD6708E64D3694AF673CEECDC9DB5E1BACB64629634B9CB5E2E524A8DE528CA4F23D5C6D957D6D8A4B325C5C9EF6115D1E4FACF650AEFBA9CDEEBADDC35EE30AD85A90579D3A904DD939C25057B5ED76B6DB5EE2C9738AB6978519356B4A4A6E5A2795B967BB69B6D5FEAB7756B2B79F1BCAF52AC3A26A9C69E68C9469A9251718B8A518B9350566EF952BEF0AF0000200000000000000000000000000000000000000000000000000003FFD9)
INSERT [dbo].[Product] ([Id], [Name], [Articul], [MinimalCost], [ProductTypeId], [WorkersCount], [WorkshopId], [Image]) VALUES (10, N'Набор 41М Дыня', N'385037', CAST(3295.00 AS Decimal(18, 2)), 5, 5, 9, 0xFFD8FFE000104A46494600010100000100010000FFDB008400090607080706090807080A0A090B0D160F0D0C0C0D1B14151016201D2222201D1F1F2428342C242631271F1F2D3D2D3135373A3A3A232B3F443F384334393A37010A0A0A0D0C0D1A0F0F1A37251F253737373737373737373737373737373737373737373737373737373737373737373737373737373737373737373737373737FFC0001108009F007A03012200021101031101FFC4001B00000301010101010000000000000000000003040205010706FFC400341000020102030407070501010000000000000102031104213105124171323351618191C10614223442A1D113728292B12315FFC400160101010100000000000000000000000000000103FFC4001A110101000301010000000000000000000000011321525111FFDA000C03010002110311003F00FB8800000B9558ABD9A6D09C4567D1878B24A12DDAB28B793CC0B5D5A9C1239DB5B13B4E1457FE75384AA3E33574BC8AFF0051A461E25AD5F9A259F62CD3F258CC57B5B6BC6ACA0BB2953A765FD95CE54F68FB59197CC631F7FE9C1FDAC7D07DF2DC22CF7DF55B4F332C77A6B9278F9BC36C7B5517F155C664F574E3F83AD82DAFED54EDD39E7A54A315FE247EC3DF55FA2BCCD2C4B96897318AF4649E15B2B15B42AD0BE3E8C69D4ED8AB27E0CBD55971B09559BE078E727C6C6B34CAED5C26A4EDC51B24C2E7564EF7F84ACA8000001E84B5AB6F7C34F4E2CA9AB93CE85B3A7E4026D9323C4374E4A6B832C9392BA6AD626AE94A2D3ECB01BDFDE8A6DB5F71356505D29AF1C85E16AB49C64F41B524ED97DD5C8A92A3A6F28BF2919509BC945FF6353705AC23CEC4EE4D6717E4807A8CF8DBFB1452CB524856DED5155269815C59EB6CF2363D9301D81569D4F0F52C23C0F4E7C91615000000000018A94E33566B9339F5E9CA0ED2F3ED3A641B524E0E94977E5E4072ABA74EB297090E52DE8A0ACD56A32946D759F2174E5F0A229556EBB45A6BEA1F52561127777B01B8A876B29A36BE44709771551605B1D019E41E47AC0A303D39F24584580E9D4E4BD4B4A800000000000E7ED657853E6CE8116D35F053E607229EF425747BBBBAF2D380DDC3C9AB45B22A6AB7BE889EEEE32BCECC9D3CF5028A6EECB28A21A4EECBA9015416468C44D814607A553C3D4B09303D2A9E1EA56540000000000047B4BAB8FEE2C23DA5D547981CFDE3C9668F01E8457331994B5111CC76D38D9DC9A8BC9016D15DE5D4510D27C8B68815C11A330D0D014E07A553C3D4AC9303F5F87A95950000000000011ED2EAA3FB8B09368ABD15CC0E585FBCD58555CB422A5DA497E8B9349D8E7D1774997E23FE94670E2D6443496EC526B3B015D165F44828BCCBA9016C11A310D0DA029C17D7E1EA544B83D67E1EA5454000000000004D8FEA7F922927C7750F9A0394F2662A3C8DCC5CB422A3A8AEF3EC248A565C8B6A6A470B38AE3900FA45D448A9175102B8686D1880C028C17D7E1EA544D83D27CCA4A8000000000004637E5E5CD0F118DF979735FE81C9A8298D989645226B32682F85722997496A2127601B492BE8594912535996D202880C3313405583D27CCA09F09D1973282A00000003C003D118DF969F87FA38562D5F0F3E407266264873685BB1153CC52456B777AED098A4F8200A69F1457497708845F614D340511D0F41680C0AB07D5BE6504B8177535D8D1515000001E007100033521BF0947B558D001C29C250A8E9CE0D4B877F23C71B6563B55A853AD171AB0524D5B339D5F63C9CDCE862EA45BFA6A2535F9FB811E8CC59DDE561B2D9BB560FE0960AA2FE71FC99F76DA51E960E9BFDB5D7AA441EC17329A71268D2C7DF2C125CEBAFC15D2C2E364D6FAA14971CDC9FA00C478B7A72DD82DE7DDC398E5B3A0FADAB567DDBDBABED629A5469D18EED284631EC48A3185A0E8A96F3BB976701E000000007FFD9)
INSERT [dbo].[Product] ([Id], [Name], [Articul], [MinimalCost], [ProductTypeId], [WorkersCount], [WorkshopId], [Image]) VALUES (11, N'Бумага 26М Ваниль', N'444337', CAST(3007.00 AS Decimal(18, 2)), 4, 4, 4, NULL)
INSERT [dbo].[Product] ([Id], [Name], [Articul], [MinimalCost], [ProductTypeId], [WorkersCount], [WorkshopId], [Image]) VALUES (12, N'Бумага 50М Ваниль', N'454479', CAST(3163.00 AS Decimal(18, 2)), 3, 3, 9, NULL)
INSERT [dbo].[Product] ([Id], [Name], [Articul], [MinimalCost], [ProductTypeId], [WorkersCount], [WorkshopId], [Image]) VALUES (13, N'Набор 25М Бриз', N'434113', CAST(13047.00 AS Decimal(18, 2)), 5, 4, 4, NULL)
INSERT [dbo].[Product] ([Id], [Name], [Articul], [MinimalCost], [ProductTypeId], [WorkersCount], [WorkshopId], [Image]) VALUES (14, N'Бумага 32М Бриз', N'379800', CAST(6832.00 AS Decimal(18, 2)), 3, 1, 7, NULL)
INSERT [dbo].[Product] ([Id], [Name], [Articul], [MinimalCost], [ProductTypeId], [WorkersCount], [WorkshopId], [Image]) VALUES (15, N'Полотенце 41М Дыня', N'239349', CAST(6238.00 AS Decimal(18, 2)), 3, 2, 9, NULL)
INSERT [dbo].[Product] ([Id], [Name], [Articul], [MinimalCost], [ProductTypeId], [WorkersCount], [WorkshopId], [Image]) VALUES (16, N'Бумага 9М Ваниль', N'446348', CAST(13568.00 AS Decimal(18, 2)), 3, 3, 1, NULL)
INSERT [dbo].[Product] ([Id], [Name], [Articul], [MinimalCost], [ProductTypeId], [WorkersCount], [WorkshopId], [Image]) VALUES (17, N'Бумага 3М Бриз', N'260492', CAST(8278.00 AS Decimal(18, 2)), 2, 1, 9, NULL)
INSERT [dbo].[Product] ([Id], [Name], [Articul], [MinimalCost], [ProductTypeId], [WorkersCount], [WorkshopId], [Image]) VALUES (18, N'Бумага 5М Дыня', N'256862', CAST(3712.00 AS Decimal(18, 2)), 5, 5, 5, 0xFFD8FFE000104A46494600010100000100010000FFDB008400090607100F0F15100F100F1015150F1510150F15150F100F0F121515161615111515181D2820181A251D151521312125292B2E2E2E171F3338332D37282D2E2B010A0A0A0E0D0E150E10172D251D1A2B372B302D2D2D2D2B2B2D2B2D2F2B2D2D2C2B2D2D2B2B372B372B2D2B2B2E2D2D372B2B2B2D2B2D2B2D2B2B2B2D2B2B2B2BFFC000110800E100E103012200021101031101FFC4001B00010002030101000000000000000000000001050204060307FFC4003B100002010203050505050705000000000000010203110405211231415161718191A1B106223242C1135272D1F1071423346263F0157382B2C3FFC40017010101010100000000000000000000000000010203FFC400191101010101010100000000000000000000000102112131FFDA000C03010002110311003F00FB880000000000000000000000000000000000000000000000000000000000000000357179853A5F1CB5E5BD9AD1CEA9CBE1F36901660AFF00F506F725EA62F173E8BB80B20553AF37F33F4316DBDEDBEF605AB925BDA460F1105F32F52AEC4A40583C6439B7DCCC1E39704FC91A56006DBC73E11F33078C9F446B9207A3C44DFCDE48C5D597DE978B30240D8A18A6B495DAE7C51BD1926AEB52A0F5A159C1F4E2BEA059822324D5D120000000000000000000000AECF730FDDE9392F89BD98AEBCFBBF22C4E33DABC4EDD7D8E108DBFE4F56FD3C0945354AB2936E4DB6DDDB7AB6C8526B7322C434455A65998B8B5196ABD0E862EFAA38D817B93633697D9BDEB77E4588B7042649400004900012410481241000902E43606DE06AD9ECBE3BBB791BC53DEDB8B5A53DA8A7CD019800000000000000000001F39C655DBA939FDE9CA5DCDE9E47D03173D9A73972849F826CF9D22518904B25222903D28D4719292E0CC60023A9C2D75516D2EF5D4D8B9CFE4F88D99ECDF7FA97D134326C5C8004DC102E00000002009040B812D9BD974F471E5A95E8F7C14ED35D7402D4000000000000000000069E70ED87ABFEDCBCD58F9F9DF677FCB54FC0CE0DA2518C918ED25BDA5E44D4692BBE0AEFB8F9D6698F94E6E4DBD5F82E4635AE379CF5F4789270FECAFB42E35150AB26E327B3093DF093DCAFC99DC1A97A96719D09ECC93E4D33AA83B9C923A5C054DAA717D3D3434CB69B06200CAE410009172001208240020012232B34F934C8005E2649E58695E117FD28F5000000000000000003473BFE5AA7E06708CEFB358DE8545FDB97A1C0928D5CC9DA8D47FDB97FD59F2DC74B53EAF89A7B509479C5AF1563E4B9AAB3396FEBA63E349D477D1D9F3E27D7323C77EF186A7574BCA2AFC949692F34CF8DCA47D13F66B8ADAC3D4A6FE4AB75D935F9C59726BE3AF2F3269FF000EDC99465AE492F897633A39AE0108928000000000000004012006059E5D2BD35D1B5F5FA9B468E56FDD6BADFC7F437800000000000000000C2B436A2E3CE2D78AB1F3A92B69DD63E907079D50FB3C44D70DADA5D92D7EBE44A348F9BFB4D80D8A9356E2DAEC7AA3E9051FB4F97EDC5544AED2B3ECE0CC6E79D6F17D7C9EAD3B1DAFECBBE2C47652FF00D0A6C6E02DC0EAFF006798174E9D59BF9E6A2BAA827F593F0339BEB5A9E3AC66FE4D2F7DAE71340DBCB256A8BC0EAE4E81324C5324A241040195C822E481371731240922E41204DC8641206F656F56BA5FC3F52C4A9CBA569AEA9AFAFD0B6000000000000000000731ED7E1AD28545C56C3ED5AAF57E074E68E7584FB6A128ADE96D47F12D7CF55DE070844927A3D4260829713ECED394AEA4E2BEED93F065B61A8469C1420AC92B247A033248B6DA1EF8576927D4F13DF0CB52A3A04C930A6EF14FA232343222E400245C8004822E0091720013724826C07AE1A569C5FF00522ECA045ED395D27CD5C0C8000000000000000000070FED0E01D1ACDA5EE4DB945F27C6255DCFA1663828D7A6E9CB8EA9F18CB8347038BC3CE8CDD39AB35E0D706BA128C2E0C5325320C91B7845A366A237A1A452EF02D3092BC174D0F63472EA9AB8F7AFA9BCCB00100A0C260013722E001285C1004DC9209404A2DF013BC3B1D8A937B2DA966E3CD5FBD0162000000000000000000006866D9543131B4BDD92F866B7AE9D57437C01F3CCC32CAB877FC48E97D26AEE0FBF81A899F4D924F47A9A55327C3C9DDD18772D9F427070D412DEF72F3363DF9BF72139FE18CA5E876D472FA30D634A9A7CF656D78EF3647071583CB315B7192A52493F99C63A71D1BB9696E6742536369ECD47D7DEF112706BD8824848A2192096808B068900458190022C4826C011E94A7B2D35C1981280BC8CAEAE8934B2FAB75B2F86ABB0DD00000000000000000000000000000068E674AE94B968FB1FF9E66F18D4829269F10282C0F6A90716E2F7AFF2E616030B0320040489002C1226C4D808B0B1958580825226C4D809849C5A68B5A355495D7E85558F4A155C1DF8715CC0B50634E6A4AE8C800000000000000000000000000000D4C750DA5B4B7A5E28AD2F4AFC6E1ADEF477715CBA81A29136320061B265632004242C4801600012082400000F4A555C5DD787065851AEA5D1F22AC9B81700D2A15E7C62E4BCFC4DC8BBF06BA01200000000000000000000000018005762B08E3EF47772E2BB3A1AA8BB353138352D63A3E5C181A004E2E2ECD5999469C9EE8B7DCC0C41EF0C1CDF04BB5FE47AC701CE5E006982C63828AE6FBFF23D63420B7457A8154A2DEE4D9E91C34DFCAFBF42D12240AF8E065C5A5E67AC702B8C9FA1B600F08E160B85FB5B3D6304B7248C800000000000000000000000000000000000000B00000000000000000000000000000000000000000000000000000000000000000000000000000000000000000000FFD9)
INSERT [dbo].[Product] ([Id], [Name], [Articul], [MinimalCost], [ProductTypeId], [WorkersCount], [WorkshopId], [Image]) VALUES (19, N'Полотенце 16М Ваниль', N'259488', CAST(10095.00 AS Decimal(18, 2)), 4, 3, 6, NULL)
INSERT [dbo].[Product] ([Id], [Name], [Articul], [MinimalCost], [ProductTypeId], [WorkersCount], [WorkshopId], [Image]) VALUES (20, N'Бумага 44М Бриз', N'422185', CAST(6441.00 AS Decimal(18, 2)), 5, 2, 5, NULL)
INSERT [dbo].[Product] ([Id], [Name], [Articul], [MinimalCost], [ProductTypeId], [WorkersCount], [WorkshopId], [Image]) VALUES (21, N'Набор 19М Дыня', N'382063', CAST(2373.00 AS Decimal(18, 2)), 4, 1, 7, NULL)
INSERT [dbo].[Product] ([Id], [Name], [Articul], [MinimalCost], [ProductTypeId], [WorkersCount], [WorkshopId], [Image]) VALUES (22, N'Бумага 29М Клубника', N'334943', CAST(5997.00 AS Decimal(18, 2)), 5, 1, 10, NULL)
INSERT [dbo].[Product] ([Id], [Name], [Articul], [MinimalCost], [ProductTypeId], [WorkersCount], [WorkshopId], [Image]) VALUES (23, N'Полотенце 27М Дыня', N'238686', CAST(7864.00 AS Decimal(18, 2)), 2, 2, 2, NULL)
INSERT [dbo].[Product] ([Id], [Name], [Articul], [MinimalCost], [ProductTypeId], [WorkersCount], [WorkshopId], [Image]) VALUES (24, N'Набор 11М Дыня', N'450659', CAST(5956.00 AS Decimal(18, 2)), 2, 3, 7, 0xFFD8FFE000104A46494600010100000100010000FFDB0084000906070F0F0F0F0E0E101010100F0F0F10100F100F0F0F10100F1511161615111515181D2820181A251D151521312125292B2E2E2E171F3338332D37282D2E2B010A0A0A0E0D0E170F0F152D19171D2B2B2D2B2D2D2B2D2B372B2D2B2D2D2B2D2B2D2D372D3737372B2B2D2B2B2D2D372B2D2B2B2B2B2D2B2D2B2B2B2B2B2B2B2BFFC000110800F800CB03012200021101031101FFC4001C0001000105010100000000000000000000000301020405060708FFC4003B1000020102010905070302070100000000000102031104050612213141516191227181A1B107133252C1D1F04262A233E12324638292A3B216FFC4001801010101010100000000000000000000000001020304FFC4001E11010101010001050100000000000000000001023111031213214132FFDA000C03010002110311003F00F710001465400000000A150000028100054140054A2000A942A00142A000000142A000000000000000000005956A28A7293492576DEC480BCB5B391CAD9EF4E9B70A11F78D6AD37F0DFB8E6F139C388AEDE954928FCB1ECAF1B18BB91A99B5E955F2851A7F1D58479392BF4317FF00A0C2EEAA9F726CF3653BDDBD7AF793D3E467E4AD7B1E851CBD877FAFC993D3CAB425B2A47C6EBD4F3E84ADCD92695B613E4A9EC7A3C2AA92BC5A6B8A69975CF3A8579C5DD49C5F14DA7E46DB039C3561AA7DB5CDABDBBD1A9B89735D8030B0394E9565D8976B7C5DB497DCCC46FCB2A942A0A0000050A800000000000000014022C562234E129CDDA31576CF22CEDCF09E26A3A54E4E34A2DAB27B7BF8B363ED4F38E4A4B0949D92F8DA7FABF1DBA9E6D4EB2FB9C37BFBF0EB9CFEBA0C34AEBEE67D0EE39FC1E2D27ADEA37B85AD171BAD661A6C68AF4D9C8C9A4FA6C30A8D4F433692E2512C1ECDDD0913BFD7791AB6DB36496F04441FE77963BDCB96D7C7C827B95F6EB0AAAABA2F4A2ECEFAACED67C8EAF2165DF78D52ABF1EC8CB669727CCE4A6ADA92BB2DA727195F7EEE4CB35E2A6B3E5E9E99535790B1FEFE926FE38F667DFB9F8AFA9B33D12B8AA0028000000000000000011622A684273F9632974572520C6D3D3A7521F34271EB168947CEB9C98B75713526DDDE979EFF00534F3A9636D9CD8374ABC93BDA5DA8F89A3AB23C77AF54E258626C6D70194ACD6B39D94D16C6B38EC2C2C7A2E1316A56B7436D42AEEFA9E6D93F2B38B57763A9C0E578C96B66997551A8DECD5E25FA5C769AAA388D249A667539DBE276E0B78464E95CAA4F5B6ADCDEA444ABB5F0AB7AF80536F6EBE004B1B6F6B9EA65B371E6DAF0D458EDD3D4B35BD7E5BC0E8334312A38874D6CA907ABF7475AF5676C79F669C2F8B83F954DFF001FEE7A09DF1C72D74001B64000000000000000028D1528C0F1BCFDC94E74E5282BCA8CE5B36E826EFF004E8798499EFB9669A55EAA6B5377F068F31CEFCD39D372AF868B953936E54D2D70E6B91E5B3EDDF3A70F26472932E9BDDBC8A5212356AB29F027C2E3A507C8C3B96DCD784F2ED72565CE0ECFE63A3C2E3A32DEAFC4F29A559C5DD337793F2C356BB3360F4D8D5D8917E9F1B1CBE032CA7B5ED37143149A566B5906CE33BFE6E0EA2DC627BD76DBBCB9CF463A4F876571EF095D4666ABE29FEDA326FC5A4BEA774709ECE13954C4D47F2C23D5B76F23BC3D18E38EBA000DA00000000000000000519528C0E473915B10FF007422FA5D7D0D7AD9E06DB3AE3FE2D3971835D1BFB9A74CF36BFA75CF1A0CBB99785C5F6D2F7353E782567DF1D9E279CE5BCCEC6E19B6E9BA94D5ED529F6D5B9A5AD33DA12248BB09A69F38544D6A6ACD6D4F534467D099472361313FD7C3D2A8F749C52975468F11ECF7264AED53AB0E51AB27EA6A583C5DB28A47ADD4F66980DD5310BFDD0FB17D1F67993A1AE5EFAA72954B27FF001B0F74479661B1AE3B4EB321AC557B2A54A725C5AD18F5677587C8181A1FD2C2D24D7EA7152975665CAA6AB2B455B62D4ADDC66D955AEC3617DDC53A8D4AA705AE2998D89936F5ED332AF1E661D4119B5DC7B3485A96225C6A45748BFB9D99CA7B3A85B0B51F1AD2F28C4EACEF9E39D54006900000000000000000285401CEE76475529739AEA97D8D0459D3E7542F413E1523E69A397A679FD4FE9D33C5F7D8CAA7C43450C343B20F696B96A65AC79556663CDF2D44D51F0DFBC8E5A8083F35914ECF6EE269CB8104F5ED1062D5B5CC3A9B599D537D8C2A9B4D335E899811B60EFF00355A8FD17D0E94D0663C6D81A5CE555FFDB25F437E779C72AA800D00285400000000000000000D6E70C2F86A9CACFA338F81DC65286951AABF64BC95CE1A070F57ADE12A2928B2E4348E7F4E8B52E4889C5DC9B47BC8DBE24117E6C2D7F88926C8A69202294486489DCB690CF596158D511853DA66563125B4D315EA19A10B6070EBF6C9F59C9FD4DC9ADCDE868E130CBFD1A7E6AE6C8F44E39800280285400000000000000000B2A46E9AE29A38171B3B783EF3D019C36323A356A2E1527D3499CBD46B2B2C248A22E393A29A458D1736916691954734475171B226724F85FD08A71020695DB229B2792209ADE5856356461CB799754C78ABC92E2D2F33718AF5EC9D0D1A34A3C29C17F14641651568C5708A5E45E778E602962A5000A01500000000000000014671D96236C454E6EFD5267627299C71B57BF18C4E7EA71ACF5AD68B95B6045744E2E8B5F711364CD6E2C71B12C22097E6E236DEC2692237FDC8A826F791CD6E5A89A4B6904D962563578F3F22CC0D3D2AB4971A90FF00D22EA8C9F21C6F8AA0B8D687A9B8C57AB82854F4300000000000000000000000001CDE73C3B74E5FB5F933A43459D10BC69BE7246373E9675CF4597AD7B0B52096B383AA9265B2648D964C8237622A8891F52C9714041297E58827CC9E6453DE2158B58CECD6A77C650E526FA45B302A33719990BE320FE58D47FC6DF53A658AF452A01DD80000000000000000000000000D567146F493E135E8CDA9AFCB91BD09F2B3F325E11CA95B14481E7AE8B744B2C4ACB1A278691495AE412464B2292B1063CA2432279AB90CA258958D599BDCC587F999BE149F9C91A2ACEC7499811BD4AF2E1082F3674CF59AEDD000ECC000000000000000000000000063E3A1A54E6B8C5FA1905B244A3878BB6A65F62EC552D19CA2F749A2C48F3F1D56CD16B2FB964990472B9649974991C88A8E44151934D98D55952C61E22475DECFA3D9AF2E2E0BC99C85647719874ED4272F9AA7A23A63ACD750003B3000000000000000000000000014B15006872EE13B5EF16C7B793E269CECEA414934F6334394325B8F6A1AE3E68E3BCFEB72B51A0592893CA1623940E563681C48E4CC87122944831AA220A90332502EC364EA95E5A34E3DF27A92EF2C4AD4470F2A938C209B949A492E27A6E4AC12A1461497E95ADF196F662E45C894F0CAFF001546B5CDFA2E06D4F4633E1CED0A806D0000142A000285400000000000000000028D150060E2326D39EBF85F2D9D0D7D4C892FD328F8DD1BD066E65596B9B9644ABBB47A88E43ADBF452E6EE74A0CFC717DD5A6C3E41A6B5D46E5C96A46D69528C568C52496E4AC8BCA9B99913C8002A000000000000000000000000000000000000000000000000000000000000050002A0003FFFD9)
INSERT [dbo].[Product] ([Id], [Name], [Articul], [MinimalCost], [ProductTypeId], [WorkersCount], [WorkshopId], [Image]) VALUES (25, N'Полотенце 48М Клубника', N'292206', CAST(9801.00 AS Decimal(18, 2)), 4, 3, 3, NULL)
INSERT [dbo].[Product] ([Id], [Name], [Articul], [MinimalCost], [ProductTypeId], [WorkersCount], [WorkshopId], [Image]) VALUES (26, N'Полотенце 16М Бриз', N'418298', CAST(7342.00 AS Decimal(18, 2)), 1, 2, 1, NULL)
INSERT [dbo].[Product] ([Id], [Name], [Articul], [MinimalCost], [ProductTypeId], [WorkersCount], [WorkshopId], [Image]) VALUES (27, N'Полотенце 14М Клубника', N'309862', CAST(10682.00 AS Decimal(18, 2)), 2, 4, 8, 0xFFD8FFE000104A46494600010100000100010000FFDB0084000906070F0F0F0F0D0F0F0D100F0F0F0F0F0F0F0F0F0F0F0D0F0F1515161615111515181D2820181A251D151521312125292B2E2E2E171F3338332D37282D2E2B010A0A0A0D0D0D150F0D152D1915192B2B2B2B2D2B2D2B2B2B2B2D2D2B2D372B2B2B2D2D2B2B2B2B2D2B2B2B2B2D2D2B2B372D2D2D2B2D2D2D2B2B372B2B2B2B37FFC000110800C2010303012200021101031101FFC4001C0001010002030101000000000000000000000102030405060708FFC4003610000201020306040404060300000000000001020311042131051241516171061381912242A1B13252C1F0336272D1E1F1071543FFC400160101010100000000000000000000000000000102FFC400191101010100030000000000000000000000000111213141FFDA000C03010002110311003F00FB68282880A0080A0820000000010A400000000000000000000000000000000000000000000033000408505508500405041014580C458C85C09BA1A0E462D80B031B95480A500080140800000000085B8002E005C1001410016E0800DA428088000A0385B4768C68AB6B2E5CBB9E7B11B6EABF9ADD16407AE29E1FFEDEB2CD5497B9C9C2F89EA45DA69497B303D75C3670705B4A9565F0CB3E317A9CA6C0C9B25CC5B31DE0AC9B23662E462E4064D92E6B73239846F855E66D3AF733761ABFCAFD00E50280210A0080A40042B2000000000000800A637051BC0040389B47191A30726D5FE55CD9C99C945393C92576FA1E2F6AE31D5A8E5C3E55C901C7C5626539393776DDD9C59C8CDA3168D0D5231DD3390B104A552507BD16D359DD1E9F63EDD53B53AAED2E12E7DCF2D60457D0DB313CE6C5DB36B52A8EEB48C9F0E877EE4BA77E0065291839184A7CBED646B73E051B1CCC25335B998390466E645335395B35FE8D32A8077B82AFBCACF55F55CCE49E7B6762776A47937667A12080A0080002000080A40200C002301818828039242803A9F11D7DDA3BAB59BB7A2D7F43C958F41E2997C54D7F2B7EEFFC1D0960C5A317136B463228D3246363CDEDEF17D3C3CA50825392F9B371BF2B5D5FDCD1B23C7D85AD28D3AAA5426DA4A52FE0B7DFE5F5F733BA3D4B46363758C5A28D4779B1B68FFE537FD2FF0043A66889B4EEB522BD85491ADCF2CCE0E0F17E6415ED7593BFDCD93A9677E0FF00774546E94FFDF1460EA7BA38F29DB4F635BA97037CAA9A2758D7BF722415BA8BF8D7747B05FA1E4F054B7A715D51EB48880A4004280210A0080002000084650C0C41401BC000745E27A795397F547F53CFB89EB76ED1DEA2DFE56A5E9A1E5AC5835D8EA3C4F8A7470B56A2BA7BB64F95F23BAB1D3F8AB072AD82C4420AF2F2DCA296ADC73B7D05E87C4B1D88726DDF53846759E6604857D07FE37F12CB796CFAF26D34DE1A727771B66E937CAD76B959AE47D19C4FCF746B4A9CA3560ED3A72538BE528BBAFB1FA0B0557CCA54EA7E68464FA5D5EC511A307137CA260D106782ABB92E8F2673FCC766B3B2E7A9D5D8E5C66F3EAAFF00DC0DD29E96FF000637D3F7E9FBE648E9EE64A2148AFBB37420451CCE550A5769733239DB1685E7BFF97EE77669C1D150825C757DCDC69000010000085200214800850040C118004006F0001271524E2F469A7D99E431B8674EA4A0F83C9F35C19EC4EAF6E60F7E1E625F143EB103CDB44B1B08D147CA7C6FE0B70A92AF415A9CDB764BE1849FCAF9743C456D9F5A1AC25DD2BA3F464A0A49A6934D59A6AE9A3A4C6786684F38DE3D2CA497A6BF53397C5E1F0EC1ECEAB5EA428C213DEA9251BEEBF86FAC9F45A9FA03094553A70A6BE48463ECAD7356CFD91430E96E416FAD66D2DE7FD8E634546A68C5C4D8D12C0697137D2592F5FB984A27228C32F7229089B6312A8D8D756BA441BAE91DBEC549EF3E2AD63CBBC4DD9DB6C7C4B8C967AE4FB01EA6E2E68550CB7CD0DB71735EF16E119DC5CC6E00C81000000020004008001001BEE5B98DC8D8465723660E4612A815D16D5C17972DE8FE097D1F2382CF49886A5171968CE831145C1B4F4E0F9946946322B7998B03164656C880857108A883151CCE4D9451AE328ABE7F87F177D6DFBE67031D8FB5C839189C5247575310E4CE2CAB4A6CE5E170F722B761A277182A2F5356130BD0ED68D2B1711BA949F53934DB3542272208A36A334630899814A625B019031454000000852003132316000006C6466446546B68C5C4D8D18B455689D338989C2B69AD4EC1A35C901E6315074DFC49A5CDACBDCD319AD4F51289C1AFB2A8CAEF7375BD5D36E9B7DF775F503A46CB73935F62545FC3AEFB55A7192ED78D99D5E2B67ED18FE17424BF922EFED264472B7AD9BB24B36DE492EA7538CDAEE725430DAC9EEBABC15FF2FF0073818DC3E2E5956555A5C376D0F6591AF089D39C656795F867669A7F4666D576B8AC4C69C15285ED1E3F349BCDC9F56EECE0D3A339BBBD0ED70BB36153E3F320D7AB6BBAE076B0D9D64AD66BA17075384C0F63B8C3E192E4674E85B81CAA702E0CA9C123914E02952E67261101181BA112246C4882A4644002C54C00296E44180418319303172E0B53348C69AE2F8FD11900313223020000DA002A2588D19102B068C5C4DA4B01A1C0C5C0E4589BA51C674CC254CE66E937101D7CE95F81C6A9B3612D611F63B9F2D17710479D9EC25AC3E17D0CE8E16BD3D56FAE9A9E82C5441D4D38A9BFCAF8A96472A38548E64A29EA93EE8C3C88F0BAECD8D569540D8A89979725A493EEADF623DF5F2A7D99064A05DD353AB6D535DCCA3513EA067629132D80008A0084B91C80AD98A577D17DCC252BBDD5EAF92375801000062CA4000003690A0A0400010A0080000014080A0821400000000002DCC254E2F82F4C9990030F2F937EB98F8BA3F5B1980353A8D6B197DCC7CF46FB92514F549F74060A49E9991C83A11E175D99610B6AEEF4E590194558A080000042148C0020037000A0429000000000000000008000000000000000000000429000000800004290010A62D8000806F2005228200000000000002020000000000000000000000002140100004000064000335B00946488001FFFD9)
INSERT [dbo].[Product] ([Id], [Name], [Articul], [MinimalCost], [ProductTypeId], [WorkersCount], [WorkshopId], [Image]) VALUES (28, N'Полотенце 43М Клубника', N'425641', CAST(14151.00 AS Decimal(18, 2)), 4, 2, 6, NULL)
INSERT [dbo].[Product] ([Id], [Name], [Articul], [MinimalCost], [ProductTypeId], [WorkersCount], [WorkshopId], [Image]) VALUES (29, N'Набор 19М Бриз', N'277950', CAST(9962.00 AS Decimal(18, 2)), 3, 5, 9, NULL)
INSERT [dbo].[Product] ([Id], [Name], [Articul], [MinimalCost], [ProductTypeId], [WorkersCount], [WorkshopId], [Image]) VALUES (30, N'Набор 32М Клубника', N'351062', CAST(4450.00 AS Decimal(18, 2)), 4, 3, 8, NULL)
INSERT [dbo].[Product] ([Id], [Name], [Articul], [MinimalCost], [ProductTypeId], [WorkersCount], [WorkshopId], [Image]) VALUES (31, N'Набор 26М Дыня', N'279801', CAST(4628.00 AS Decimal(18, 2)), 2, 2, 1, NULL)
INSERT [dbo].[Product] ([Id], [Name], [Articul], [MinimalCost], [ProductTypeId], [WorkersCount], [WorkshopId], [Image]) VALUES (32, N'Бумага 15М Клубника', N'449359', CAST(10009.00 AS Decimal(18, 2)), 2, 3, 7, NULL)
INSERT [dbo].[Product] ([Id], [Name], [Articul], [MinimalCost], [ProductTypeId], [WorkersCount], [WorkshopId], [Image]) VALUES (33, N'Полотенце 45М Бриз', N'303994', CAST(13081.00 AS Decimal(18, 2)), 3, 2, 1, 0xFFD8FFE000104A46494600010100000100010000FFDB00840009060712131215121312151515151516151715171717171517171517171615151515181D2820181A251D151521312125292B2E2E2E171F3338332D37282D2E2B010A0A0A0D0D0D150F0F172D19151D2B2B372D372D372B2B2D372B2D372B2D2B2B2D2D312B372B2D2B2B2B372B37372B37342B2D2D372D2D2B2B2B2B2B2B2D2B2BFFC000110800E100E103012200021101031101FFC4001B00010003010101010000000000000000000001020305040607FFC4003E10000201020304060608040700000000000001020311213171040551611232418191B1061333A1C1D114222343728292F0B2D2E1F1071516425262A2FFC4001801010101010100000000000000000000000001020304FFC4001B11010003000301000000000000000000000001021103315113FFDA000C03010002110311003F00FDC4000088CAE52522D002C000000000156C0B0296E659302400000000000088CAF894948BC720240000000002AD816050B2604800019CA45E48AC6202312E00000000086C0928BE244AB4576A33FA42795C0D4B2464AAF21EBB91706C0CBD7721EBB91306A0CBD7721EBB901A99CA456752EB222353901AC6258CFD72E64AAA80B82BD35C4B26000000A44B90D0152C9048900000000000003CB53696AF918BDAA4FB4CF6878BD59839779A1E89577C5968A678E550D686DB1966ECF9FC181E9E893708580F0EF8DBEA52874A149D47EE5CDDB13E4368F4AB6A77C631E518E2BF5367DF58C368D8A9D4C274E32D527EF39DE96B756C74A5AB1DC6BF38AFBEB68777EB277D7E4782A6F8ACAF7AB531FF00BCBCAE7E8957D16D95FDDB8E9292F89E47E846CADDDFADBFE35FCA79E78393D768E5A78FCE2AEF3AAEF7AD3FD527871CF0D39184778565F7B56DF8E7F33F477FE1E6C8DE33ADA74E3FC86B1FF0FB62B59C6A3D6A3F0C2C67E175FB51F95ADF55D3BADA6B25D89559FCC9FF0054ED919292DA6A379633935FA5DD1FADD1F40B77C7EE2FC9CEA35E1D23DFB3FA33B143ABB2D1EF8464FF00F57371C16F599E5AF8FCC760F4F36F934A29557C3A1D26F8E11C4FD3370ED75EAD352AD45D276583B26F0FF8DDB5DF63AB4A8C62AD18A8AE11492F717B1DA949AF76D72B5E27A8C67608BD8AB923AB9AD1AACD933C35267B69E4B4449160010000000000000000071F6A97D66B9B3CCE5C8D76CEB4AFC59E5948D22673C3F7EF3C6CDA72319145A9D694726CF4D3DE135DB7D51E20B120EB53DE5C52358EF18F039113484BB181D88ED91E668B698F338E99AB615D4FA4C49FA4C4E64657E45D4F103A3F48447D25703C762C9107A9D71EB19E74C98B03572E645CADC8B9424CE8D3C9688E6499D3A792D11245800400000000000AC9816052DA968B0381B7BFAF2B71678A523D5BC9FDA4B53C4D9A10DDDA2245252C56ABCCD24052448B909846907DA5E13E4D148712632F30364F3EDE4686103583E5881AFBCD13B98C665D3FEE15AC7F7FBEF2F7E2677E65A2EF801758F22EA5D8657B77174C82F7C45CA8650933A94F25A2395267569E4B4449160032036445DF129295CBC560048000154588680A964824481F33BD5FDA4B5F823C12E47BB7BFB596ABC91CF72342ABACB53D123CD1CD6A8F54840CD88B1241BBE3DA1125E3A99A2C8A358CADA76978A3383F02F07C0835C33348E463197732F17C00D6122D1CF0C4A378E65BA5CAC15AF4BB5F0C847C5148964C0B226FCF32AFDC2E04B3AF0C968719B3B50C9684912D99C9DCB4D08C4811896000000000000000F97DF5ED65DDFC28E7491D1DF7EDA5F97F851CE994441E2B53D5247929BC56ABCCF5CCB028C82CCAB61065AE5516E76C3B40B47832E9F8945C0B479E770345C7B51A26648BF4B10364971256A671F02F7C80B96B99C5F817605D308ADC9B812D9DA89C43B8495000400000000000000001F31BF3DB4B45E48E61D3DFABED5E8BC8E6499422FEB2D51EB678A39AD51ED90819C882CCAD8A877840902522CB9954580BDD978BB1945978AFEE06A8BC599278978B0348B2D1667EF34B7002C8B5CA22C809599DC3874F35AA3B8495000400000000000002B195CACA572D0407CDEFFF006AFF000A3953675BD205F6BF957C4E448A84735AAF33DCCF0423F596A8F7C842B3654B49857CB3E45455048B4A36CD7EF5210129732C8A2772D702C99648844C5B03452659BED33B97BAF1034EDB712D0972B328B0CFB8B202E89442253034A5D65AAF33B6716875A3AAF33B44950028DDC82E0A25C0B2604800019CA572ED1118808C4B0007CDFA43ED7F2AF36725A3B1E917B45F8179C8E432A2B07F5A3AA3DACC69EC351A52E834962DDACACB5CCD996051909DB125A2AD81AB95F17DCBCEE641B090124A44244A604A2F1914B1280D1AB168948B34D402E0688A234881645932A8B2035D9BAD1D5799DA38DB375A3AA3B24950A44B90D1054B2412240000000000000E7EDDBB1559A949D9256B2CDE2DE7D999BECDB0D387562AFC737E2CF4803CFBC17D9CFF000B3E699F53B442F192E316BC51F2699601B2A59B2A544122E009913621160112CA36000B265D19A3488174591448BA02E89442240DF64EBC753B072F76C2F2BF0F89D424A80020000000000000000000001F39BD76374E5D25D593BAE4F81F4644E29AB3575C181F1C983B9B4EE48BC60FA2F8671F9A397B46C3521D68BB7158AFE9DE6B51E704291280944C484101A22104C94C0BB2C8A769370344CB2666A46F4A9F4B24EE04235A34DC9D92F92D4F4ECDBB5E7276E4B33A34A9A8AB25626AA285251565DEF8B3400800000000000000156C0B029D12D160480000000004360615F63A72C6504DF1B63E2B13C4F72D378AE9479277F33A32772F14071A7B8B854F18FC9993DC752F84A3EF477C174701EE6ABC61E2FE44FF009354E30F17F23BC068E253DCD3ED947BAECDE1B9976CDBD125F33A851BB8D1852DDF4D7FB6FAE3FD0F4C62964AC57A3E25A2C8240000000002B29009CBC4946695CD400000152C434054B2412240000000003666E572ED1118808C4B000000000000AA2C434056C5920912000000000565228B134946E12009120000000000000000000000000000000000000000000000000000000000000000001FFFD9)
INSERT [dbo].[Product] ([Id], [Name], [Articul], [MinimalCost], [ProductTypeId], [WorkersCount], [WorkshopId], [Image]) VALUES (34, N'Набор 50М Бриз', N'414595', CAST(10750.00 AS Decimal(18, 2)), 2, 4, 6, 0xFFD8FFE000104A46494600010100000100010000FFDB00840009060713131215121212151515151517151717171515171517171515161715151717181D2820181A251D151521312125292B2E2E2E171F3338332D37282D2E2B010A0A0A0D0D0D0F0D0D0F2B1915192B2B2D2B2B2B2B372B372D2D2B2B372D2D37372B37372D2B2D2B2B2B2B2B372B2B2D372B2B2B2B2B2B2B2B2B2B2B2B2B2B2BFFC000110800E100E103012200021101031101FFC4001A000002030101000000000000000000000001020003040506FFC40038100002000206080308010403000000000000010211032131415171040512618191B1F0A1C1D1061322233252E1F17233425382146292FFC400160101010100000000000000000000000000000102FFC400161101010100000000000000000000000000000111FFDA000C03010002110311003F00EDC86800342694E8B13124141522118E090454D01C05DB23C301065F761F767528355D245640F8D5D4DF45ECE46ED8A15CD81E7940C747A9A3F67205F546DE49234D1EA2A157379BF409AF1ED01267B55A9A87ECF17EA32D5343FE35CE2F529AF11215C27B87AA287FC6B9C5EA245A8E87ED6B8B06BC43A307BB3D9527B3D44EC712E2BD0CB4BECE7DB1F35E8457948A889B27A2A5F67A9158E18B8CBA98A9755D2C36D1C5C14FA01CBD919425F1514AD5217640AB645D92F708AE1029222CD9034056198642C4019EF2027DD6401E1190B0A1E1403A64210AA3234689A1C748E50A9F42ED57ABDD2C52FED56BF23D65050430250C2A4904B5C6D13505F491705EA75F47D12083E9852DF7F32E90420CC3314810E986651494895BDF0297A53B94B3AC0DA139CF488B1F05E689B717DCFA7403A443028DFDCC474B48AC8A179A97403A20673D699497C09E4FD4B28F4D4ED4E1CD55CC0D4C9215320094DA3C31551429E68E5E95A82075C0DC2F9A3AE403C7E99AB2928EB6A6B156181A3DFB5B8E56B1D4D0C7F143F0C52B14A4D85D7940345B4B46E1726A4D5C56148D09116342440572440C8203C23C22A0C20305200610AF61A974750D1438C4B69F1ED1BE464D5114E8A0FE2BC1586D70860A490D22480504860EC81CB73DA7B56F95D2DC333752E8EA2B6D57AB519DE8515CD3CE69F8014263A607A2D2613C9AF311C11AB618B937D00B544326674DFDB17FE58EA27F6C4FFD5817A1B667689028FEC7C5A432A08DDB1285610DBCD809A2B947140BE94A793C0D922BA2A150A92FCBDECB00920C80490124121553D2ECADE079AF68E15EF26B0AFC4E3CCE96BA8E712CBCCE686A244CAE21D88D008100481DA0C240A2821400A615EAF55452A38723AB0521C6D5114E8A1DD3EACDD0BE5E7DF40C37495CC9B265549DDDBAB1E1D2A5F9B101A244914FFCE86C6B91A1469D602C824A9DE3A48042487D826C80801DC02C80001B649B202488D05C848A9D200C8922AA5D22465A4A76EF0355353A877B39F4D493AD91C8A630391ADBEA5979FE0E79BF5ABF8965E6CC01A802B198AD102908401E4144644554190A1407A7D53FD2878F57DF13727F8F5DDF930EA87F2A1E3D59BA5DE1BBBC0328F771B9E58311C72B555C9B19BFD62F262B7CEE564B7498449D985D9666B859865265CE3E606ADAC9836A17B8CB1462C5101A9C4D5913F015E911FDC62F7F319C13DFC00D2F4B8BEE5C54857A6459F233381EEF116BDDE206A7A5C58B972122A77DB33AE19482A7774550163A5CA78D6C1B6F07CBD4ADA78D598B2FDA5301BDE4EEAF0AD814893B9CBA8D20158AD0FB22472B17EC0E36B5FAD65E6CC46CD67F5F05E66468350844860320AE4424C80306628C51064286615E9752BF96B37D4E84E5DDAFBEA733523F97C5F977C4EA28AE6BF5E7F80CA3DD5F92CAE2B6A77E77F11DC37AAD77562846D3F476E4109B32EE531E2EF762C56FF016EEDC006C5996B8448A0C80E5D2C52669A18F0A8CDA6A9365BA3C7529F0AC0D5EF1E335BEB038F196E93614F9F0265E4009E32CE6C12584B84E649F2CD11BCB75BE4044B0E550767701AC79A5EA496F97102489B1FB0A5C3C0920034C48C76CAE3038FACDFC7C0C869D65F5F2E86461A82D8B101B226415C8834C801411531802862B98C8AAF45A8BFA6FF97923A53FDF7DD672F503F81FF2F24753A77DF00CD46E55F2F2AFD41156EBB71C38A0CB075DFE93167BE55653080E77B9BBC2ED4A7554237DFE88DFC4B8F901A12122843046330391A7C35D5DD41A04E57F2B09AC957CBA0F411397AA02D49FE64377F4DA051C2ED85ACA7D06D9C2512DD39A006D3C1A78495649E139DEA6859E3CE4EAE6192C794AB024F0AD615B64DACE5C89C54FBC093DD2E1EA04EE64CC09E1CAD0ADD6740015C658FB657181C5D64FE3E08C8D9A35845F1BE1D0CB30D24C648541404202A2102CC331029943CC3B424C282BD06A0FA62FE5E475D77BBBF338FECFC5F044BFEDD52F43AFDBDFDF9066A6D777BF504512BE1CAB957907AF77012BADC720858B226C4E25937E408A48BA17E4808905B0B88A9B0306B1B780347555935B9BA81A7DA268B9C9E606AAB8E649575353CD8C9BC535C132577BAB353022A49DB279DA4D9C12CA56730B78BAEEF88570EFAF8B0234D5B67044963CC8B74E787EC93DDC2B60170EFEF2036FBFC1367961F8449B004CAE32C6CAE203CFEB07F322E1D119B68B759BF99170E88C9B41A5EA21E133288B606058401082A649908506614C08282BBDECF59166BCCEE43BADBB76FEF1385ECE591ACBCCEDAFDFA7780668CD3B39DFCBD0A9B9D55CB02D9276AC97761228F74DE3684511FE831ED4DC97E013AEBB4B1452AFF6052A902E9771746FEE5378497895C50C3BD01874E767E81A2C555BD06D3A0AAD2AD156E794A7C40DC92BFE1C9293E036CB55AF8B82978952878F0B08A195ED6F4BF2034F95F62901BC5D575758DB49DAA4F1925CD5E4935657C92015EFE682F96FFC20295CB856C3D390025C1F2227DB0AF024F1E6007DEE2B8872A8C0F33ADE3F9B170E88C0E32FD6F1FCD8F3F246171869A6188D34711CF81CCD942C0D5C08499082A990320940191241905767D9CB63FF005F33BA9FE3BEED385ECF455C592EFC4EECBBC106683870E7DD85539569BF5DD32C6E590D571E9BEA08AB6E7DDA36D4AC9379AAB9DE08DA4EAB5FA15D227742DE2D00CA2EF00CCAF663FB1CB8564DA77A680A34FF00A44D1A28A4ACCF650DA747F0F1068D29570BF102F4D7DB2CAC7C065BA4D6128A64F77BE7BAC7E22B574E4F7CC02FF8F195805359635112DFC2B730A582E12F50245276DB9CC1B38393E49926B8613F423F0022EFB649A04F1E649A02154658CAA303C5EBA7F3A3963E4A7E26484D1AC97CD8FF00945D4A6041A59468DB4264A2365120344C80D92100905423B419154B20A41905203A9A8557164BA9DAEF3671B51AAE2C8ECA7DE08334DB5DE1E85716EB2F78EE985C2B25D46F71C561E7504533B2564DF42D8E26A4E73C162F78B4B024D66FA08EB75578BC3200454CEFB72B390CA9DDDE2EAE4153C14B7DE4868E17B95D581974FA49C2B3B641A3E13C6B2DD32894956AD5959B890C0A55352FE52EA0276EB1945562B09D7C07F7516784A24FA0AD39D6ABCD48011716AEB6ACC15E1C64FCC2A1C1577FC5D0293C385600DAE0F84BC013C249F788CFC38215AE3BF0002DC490400465348CB594D201E2B4D4F6E2C769F512045DA5571C4F189BF10428346A246AA3455468D344850DB3BBC48121058D0074829142486483B234308574753AAE27B8EBAEFD3BC0E4EAAA4945B3745E0D5875B664C3351A9796E06D3BB8B1944571A8A2BAAC2C6C2162765EA76E350EE27E8B1123A26A53B67CAA2D961C5BBB20166FD15750F042F3C409AC95F8B1B6EEF0F56065D6156CE7E84CEDBABEA55A752371C295DBCBA08EABE57D6A6023A3C2DBFE25E0154914BEAAB7B4DAF019C7CAE7353E21F798AAF355808DBBE2CABEA473BDD78D6D0676CB8A6D780BB756EC26E73E4035793CA5304BF40E98E1CC8DF1C1DA04CB912446400332E9549285BC14CD31338DADF48AB613CFC901C16AB1D518FB25B0C01A2C28BA040851648502441A5B8841721D0B21D2286486509211E100C151D7D174C4D25154EC9E272A11E40775C13AD7022A59557DEF71C8A1A68A1B1F0B8D0B4D4EA894BD42345253A6D5EA7CEA618A14EDE0B10513A38A562BFC37164540DFD0D3E366411545472B2273BAD9202A37628B31D68B1E19D768D0D0C7F6BEAC0C5A4E8EE70D65CB478EDAFC244D2D44B65B85DB611536E7E1500BB3171C2A90367963F0CD173D2DDF5EF6908F495849E1252602385E393529F10B8DFF0075B8CDF911533B974A89B7BA6B3AC00961CA56F30A5FAFD11AFDC9D42474895AC06EE407119348D3A186D6A774AB6F823053E9B1C6A50A70EFBF95C15A35869EA1A957174DECE2C9BB4D547A28EE842B12A32D5097FBB19400530C01916384468042124420BD0E8451226D016A65B0B33288B14606885964CCAA31B6C0D286918FDF8EA980D502939AB71BCDBA3E9D12B6512DE94F9A396A98654E077E1D670DF0B59568B68F5B515738A59A6BA9E79538AF484131DCD275A516D429B9A9369DCEE2C5A7513FEC89E48F38E986869818EFFF00C8A2B7623E5509169CBFB607C64BA9C38A9D0AA9C18EA5269D1E102F17E061A5D369315C12453EF88A9114C2C71523735B2B1B629F3B048A89BAA289CB0552F02D8A9908E902920D1E1562433848E311D200F215A07BC06D812409076C0E30162457116388AE26414ED107200888C84022B88ED210028B61B88402BA41A1010066486C2100716F210081210080BC84008B010804604420062122210064121000C8C84002080804210807FFD9)
INSERT [dbo].[Product] ([Id], [Name], [Articul], [MinimalCost], [ProductTypeId], [WorkersCount], [WorkshopId], [Image]) VALUES (35, N'Набор 16М Дыня', N'376834', CAST(11927.00 AS Decimal(18, 2)), 5, 4, 6, NULL)
INSERT [dbo].[Product] ([Id], [Name], [Articul], [MinimalCost], [ProductTypeId], [WorkersCount], [WorkshopId], [Image]) VALUES (36, N'Бумага 45М Бриз', N'374276', CAST(13605.00 AS Decimal(18, 2)), 3, 3, 9, NULL)
INSERT [dbo].[Product] ([Id], [Name], [Articul], [MinimalCost], [ProductTypeId], [WorkersCount], [WorkshopId], [Image]) VALUES (37, N'Бумага 45М Клубника', N'400484', CAST(3475.00 AS Decimal(18, 2)), 4, 3, 4, NULL)
INSERT [dbo].[Product] ([Id], [Name], [Articul], [MinimalCost], [ProductTypeId], [WorkersCount], [WorkshopId], [Image]) VALUES (38, N'Бумага 16М Дыня', N'262257', CAST(9107.00 AS Decimal(18, 2)), 4, 5, 2, NULL)
INSERT [dbo].[Product] ([Id], [Name], [Articul], [MinimalCost], [ProductTypeId], [WorkersCount], [WorkshopId], [Image]) VALUES (39, N'Набор 40М Дыня', N'346154', CAST(3427.00 AS Decimal(18, 2)), 3, 4, 8, NULL)
INSERT [dbo].[Product] ([Id], [Name], [Articul], [MinimalCost], [ProductTypeId], [WorkersCount], [WorkshopId], [Image]) VALUES (40, N'Бумага 33М Бриз', N'347239', CAST(13767.00 AS Decimal(18, 2)), 2, 5, 9, NULL)
INSERT [dbo].[Product] ([Id], [Name], [Articul], [MinimalCost], [ProductTypeId], [WorkersCount], [WorkshopId], [Image]) VALUES (41, N'Полотенце 45М Клубника', N'352034', CAST(11939.00 AS Decimal(18, 2)), 1, 2, 5, NULL)
INSERT [dbo].[Product] ([Id], [Name], [Articul], [MinimalCost], [ProductTypeId], [WorkersCount], [WorkshopId], [Image]) VALUES (42, N'Набор 43М Клубника', N'443538', CAST(13786.00 AS Decimal(18, 2)), 5, 1, 10, NULL)
INSERT [dbo].[Product] ([Id], [Name], [Articul], [MinimalCost], [ProductTypeId], [WorkersCount], [WorkshopId], [Image]) VALUES (43, N'Набор 34М Ваниль', N'316033', CAST(13533.00 AS Decimal(18, 2)), 4, 1, 4, NULL)
INSERT [dbo].[Product] ([Id], [Name], [Articul], [MinimalCost], [ProductTypeId], [WorkersCount], [WorkshopId], [Image]) VALUES (44, N'Бумага 32М Дыня', N'268393', CAST(7424.00 AS Decimal(18, 2)), 5, 4, 3, NULL)
INSERT [dbo].[Product] ([Id], [Name], [Articul], [MinimalCost], [ProductTypeId], [WorkersCount], [WorkshopId], [Image]) VALUES (45, N'Бумага 12М Бриз', N'426804', CAST(10703.00 AS Decimal(18, 2)), 5, 1, 4, NULL)
INSERT [dbo].[Product] ([Id], [Name], [Articul], [MinimalCost], [ProductTypeId], [WorkersCount], [WorkshopId], [Image]) VALUES (46, N'Полотенце 6М Ваниль', N'324941', CAST(5594.00 AS Decimal(18, 2)), 2, 1, 2, NULL)
INSERT [dbo].[Product] ([Id], [Name], [Articul], [MinimalCost], [ProductTypeId], [WorkersCount], [WorkshopId], [Image]) VALUES (47, N'Полотенце 47М Клубника', N'378723', CAST(3871.00 AS Decimal(18, 2)), 5, 4, 2, NULL)
INSERT [dbo].[Product] ([Id], [Name], [Articul], [MinimalCost], [ProductTypeId], [WorkersCount], [WorkshopId], [Image]) VALUES (48, N'Полотенце 15М Бриз', N'365615', CAST(13013.00 AS Decimal(18, 2)), 5, 1, 6, NULL)
INSERT [dbo].[Product] ([Id], [Name], [Articul], [MinimalCost], [ProductTypeId], [WorkersCount], [WorkshopId], [Image]) VALUES (49, N'Набор 9М Дыня', N'440942', CAST(2580.00 AS Decimal(18, 2)), 5, 3, 4, NULL)
INSERT [dbo].[Product] ([Id], [Name], [Articul], [MinimalCost], [ProductTypeId], [WorkersCount], [WorkshopId], [Image]) VALUES (50, N'Набор 17М Клубника', N'441239', CAST(14863.00 AS Decimal(18, 2)), 4, 2, 10, NULL)
INSERT [dbo].[Product] ([Id], [Name], [Articul], [MinimalCost], [ProductTypeId], [WorkersCount], [WorkshopId], [Image]) VALUES (51, N'Набор 5М Бриз', N'278382', CAST(7325.00 AS Decimal(18, 2)), 2, 3, 9, NULL)
INSERT [dbo].[Product] ([Id], [Name], [Articul], [MinimalCost], [ProductTypeId], [WorkersCount], [WorkshopId], [Image]) VALUES (52, N'Набор 29М Ваниль', N'344868', CAST(7618.00 AS Decimal(18, 2)), 1, 1, 9, 0xFFD8FFE000104A46494600010100000100010000FFDB00840009060712121215121313151515171515181817151717151518151715161617151515181D2820181A251D151521312125292B2E2E2E171F3338332D37282D2E2B010A0A0A0D0D0E0E0F0F152B19151D2B2D2B2B2D2B2D2B2B2B2B37302B372B2D2D2B2B2B2B2B2B382B2B2D372D372D2B2D2B2D2B2B2B2B2B2D2B2B372B37372D2DFFC000110800E100E103012200021101031101FFC4001C0001000105010100000000000000000000000401020305060708FFC4003A10000201020206060708020300000000000001020311043105061221417151618191B1D122324282A1C1F0071323527292C2E162A21416B2FFC40017010101010100000000000000000000000000010203FFC4001811010101010100000000000000000000000001111202FFDA000C03010002110311003F00F71000000000000047AF8B51DCB7BF87690AA6224F37DDB901B19D68ACDA30CB1B1E09B35F704D13258E7C2259FF00365D5DDFD919B2971A257FCD975777F616365D11F8F991AE0098B1EFF2AEFF00E8C91C7478A6BB2FE040B81A36B0AF17935F3EE321A6B17D3AB25937E2868DB021D3C77E656EB5BD12A134D5D3BAEA28B80000000000000000000000000000858CC4DBD15DAFE448C4D5D98B7DDCCD4DC9400B94B915535DA774D52C2D3752ABDD924BD694BF2C51B13CD7ED6E8D4BD19EFF00BBB49752967BF9A27AB917CCDAE7F583ED1F1936D5192A11E1B2A329DBAE534D77247233D77D25C7195BBE2BC11171F5371A793312D74B23A6C3EBDE908E589A8F9BBF89BBC07DA8E3E1EB4A1517F9423E31B33CF9332C1951ED5A1BED5613B2AD4B67AE0F7773F33BAD19A770F5D5E9D48BEA7B9AE699F34E165BCE8344E3274E4A519344EEC3895F445CA9CFEA8698788A3797AD1DCDF4F4337D7372ECD73B32E2EB95A7371774EDF5C516DC5CA8D961F12A5B9EE7F59120D3427669F43B9B92C00014000000000000000000006AF4CD6B6CAE6FC12F16448544CBB595FABC9F8A3470C7B8E7DFE64A37972B735B4349C25C6DCC991A899065B98319848558B84E2A5179A6AE8C8A457680F3AD63FB2AA1553787A92A32E0A57A90E59ED2EF6703A53ECC34952F569C6B2E9A5257FDB3B33E82B82646BAAF96F13ABF8BA6DA9E1AB2B67F8726BF74535F12CA7A2F10F2A159F2A551FF0013EA5DAEB2BB4C61D57CEFA3753748D4B6CE12AAEB9A54D7FBB4767A17ECDB1374EB4A14D7149ED4BB2DB8F55B8B93987751743E8BA786A7F774D3EB6F36FA5938B2E56E565702DB91F118C8C38DDF4228CF5AAA8ABB37D0C97247152AEE72476E8B00005000000000000000000001A2D655EA7297C8E5312EDC4EAF59BD8DFC25F2393C548944094EC5D4F494E3933062A446AC9A5722B794758A4B74927CB71B2A1A6A9BE36EA389732F8D520EFA38E8BE932C7129F1393C063DA5666C1D6BF12A37EA45548E626A6F293EFB18275EA477394976B20EBDC8B5CD74A389A98A9FE67DE45AD524F36FBD8D5C7793C6416724BB4875F4E52593DA7D59779C5C63D2F9FD5CCF49FD74F6046FEB6959CB8ECAEA6B7AE6628D4BFD5C81489B48A27E8F5E9C574CA3E2776711A255EAD3FD71F1476E6A0000000000000000000000000D1EB2BF5394BE47238AE275BACDEC7BDF2392C4ACF97C4946B2B379FF007DA45AB26F325D5ECFEAE44910479231E4669A30C809784A86C6188B234B45D89F09DD01B5A58A8F4921568B567668D24625F095809F88C05F7C3B9FC99AC9D36B336587C5749231341545BB74B83E9EA7E63068F64C9045F2A766D3567C4AC23D4419A9732652445A68954CA36DA0E17AD0E7E09B3B3391D5D8FE347A94BFF2FCCEB8D40000000000000000000000001A2D67F63DEF91C862E3BECF2E79A3AED68CA1EF7F1391C45B7DC946BAAE79596445A889759EF225420C3231C8C88B2480B6248C3C8C102FA4F7906C205ED16516669228AD344BA351A2244914C833E2E8EDC5C97AC977AF34408236D82CCC38EC359ED456E79F53F2288B08F324D3304119E9EE037DAB2BF17DD7F23AA399D568FA727FE3E2D1D31A0000000000000000000000001A1D69CA1EF7F1392C477FD33ADD6ACA1EFF00F1390C47D589441AD6FAEF224C97548B3441864639232B2C680B628BA08245F14412283DE4E4AE8854D136901448C91162F842E048C14BD24B993DAE0F266BE365977F1332C62E26A23056A1B2FA9E4562898D292B7711629A645745AA91DF3E51F17E47466875556E9BEB8FCCDF1A0000000000000000000000001A0D6BCA9FBFFC4E4AB23ACD6CCA9FBFFC4E46B45B7E04A2155234C935511E44185A2D68C8CB5905A919228A4517C5019A9A25D322D23654A95B9FC100840CA5BB45B291A15948C52914948C6D81929D56B7A76254710A4F7AB3F135ED9970AF781DB6AB47D093FF002F92F337669F561FE13FD6FC226E0A000000000000000000000000341AD9953F7FF89C8D65CBEAE75DAD917B307C2F25DAECD783390ACBB09443937D6469B254D75A6459320B1A2D2E652C05625F145B136385A5B2AFC5FC1017E1A8ECABBCFC0CA5BB61CCA2F933149865926051B2C6558641697D17BCC6CBE0C0EAF5531769B83F696EE6B7F85CEACF38C0E25C25192E0D3EE67A250AAA7152593574685E0000000000000000000000022E92C22AB4DC1EEBE4FA24B2679E6369CA129464B6649EF5E5D47A69ACD35A161888EFF46697A3359F26B8AEA03CDAA18244FD2BA3EB61DDAAC6CB84D6FA72E52E0FA9D9901991694000CD8485D93CC78685A2BA5EF327128AADCBEBE20B5FD732ED902D65ACCBB252480C65ACC8D16340632E0D1420CD499D66AC690B7E14B27EAF3E2BB7EB3390A6C9B87A96EAF328F48040D0F8F556177EB2DD25E0F93F327940000000000000000000000005B529A9271924D3DCD3574D7434F3399D27A93427774A4E8CBA17A54FF63CBB1A475000F30C7EAAE2E95ED05563D34DDDDBF43B3BF52B9A9A507B6A138CA2F8C649C5F7347B29CA6B8D6BCE9D3FCA9C9F37B97C13EF260E7367C0A28996C122A31EC7897B45C90482AD48B5C4CB629620C2D16B466712D4BB80C0E2525024245543801123992A08BBEED17C5202768EC63A53525C9AE95D076F4AA292524EE9A4D72679E5CEAB55B19B5074DBDF1DEBF4BF27E28A3780000000000000000000000000000703A62B6DD7A92E1B56FDBE8FC99DDD59ECA727C137DCAE79DAE979816ACCB9A29145C114B1505C05B62A9F81541016B451C4C9616EE0316C86C5CB279815456E50202EB13B43E2BEEAAC65C2F67FA5E7E7D8406BEB795881E900D6E80C5FDE5157CE3E8BECC9F71B20A00000000000000000000000089A59DA8D4FD12F0670F63BDC651DBA7387E68C977AB1C4D5A2E2ED24D3E87B9811D2FAE050CB62D7008B2C56C5CE251202912A0A302E663948A4A45B702818FAFE8A202A54B5A2E480AC5952962A901B7D5DC6FDDD5517EACFD1F7BD97DFBBB4EC0F3B476BA171DF7B4D3BFA4B74B9AE3DB9854F00000000000000000000000031D6A119AB4A29AEB5732003498BD5E8BDF4E5B2FA25792EFCD7C4D2E2B465686F941B5D31F4973DD976A3B50079EB288EE315A36954DF282BF4ADCFBD1AAC46ACAF62A35D525B5F15608E6A45B366EFFEB157F3C3FDBC8C91D579DF7D58F645BF981CEA2B63A58EAB74D5EE85BF91229EACD259CA6FF6A5E015C8A45323B786AFE1D7B0DF394BCC954B47518E54E0BDD4DF7B0383A34253F562E5FA537E04EA3A0F112F62CBFC9A5F0CCEDD2B150396A3AB13F6AA45724E5E44FA3AB5497AD29CBB525F057F89BA0042A5A268472A71EDF4BC4970825B924B92B1700000000000000000000000000000000000000000000000000000000000000000000003FFD9)
INSERT [dbo].[Product] ([Id], [Name], [Articul], [MinimalCost], [ProductTypeId], [WorkersCount], [WorkshopId], [Image]) VALUES (53, N'Набор 31М Дыня', N'449401', CAST(5236.00 AS Decimal(18, 2)), 5, 5, 10, NULL)
INSERT [dbo].[Product] ([Id], [Name], [Articul], [MinimalCost], [ProductTypeId], [WorkersCount], [WorkshopId], [Image]) VALUES (54, N'Набор 45М Бриз', N'349802', CAST(12040.00 AS Decimal(18, 2)), 2, 1, 8, NULL)
INSERT [dbo].[Product] ([Id], [Name], [Articul], [MinimalCost], [ProductTypeId], [WorkersCount], [WorkshopId], [Image]) VALUES (55, N'Бумага 13М Дыня', N'348651', CAST(3477.00 AS Decimal(18, 2)), 1, 3, 8, NULL)
INSERT [dbo].[Product] ([Id], [Name], [Articul], [MinimalCost], [ProductTypeId], [WorkersCount], [WorkshopId], [Image]) VALUES (56, N'Набор 24М Клубника', N'296007', CAST(14162.00 AS Decimal(18, 2)), 3, 2, 3, NULL)
INSERT [dbo].[Product] ([Id], [Name], [Articul], [MinimalCost], [ProductTypeId], [WorkersCount], [WorkshopId], [Image]) VALUES (57, N'Набор 10М Дыня', N'431234', CAST(3816.00 AS Decimal(18, 2)), 5, 4, 9, 0xFFD8FFE000104A46494600010100000100010000FFDB00840009060710100F0F0F100F0D100F0D0F0D0D0D0F0F0D0F0D0F0D0D1511161615111515181D2820181A251B151521312125292B2E2E2E171F3338332D37282D2E37010A0A0A0D0C0E1A0F101A2D251F262B3732372B2D38372D383437373237332B382E2D382D2B2D35352B352D37353530372B2B2B2D2D2B2F352D372B2D2F382D2DFFC000110800E100E103012200021101031101FFC4001C0001010101010101010100000000000000000102040503070608FFC40038100101000102030504080504030000000000010203110421310512415171426181D10622325291A1B1F0137282C1E1144392B2071534FFC4001801010101010100000000000000000000000002030104FFC4001A110101000301010000000000000000000000010203114121FFDA000C03010002110311003F00FDC40000000000000000000000000000000000000000000000000000000000000000000000000000000000000000000000000000000000000000B4019BA93CE7EAC5D79EF07D47C2F11EEFCD8BAD979FE40EA1C796A5BE37F46770770E299D6B1E22CEBCC1D6338672F468000000000004B94F30519EFCF366EAC07D07C2EB562EA5F307525B3CE392DBE7501D596AC9E3F87366EBCF2AE7203EDFC7F77E6CDD5CBF71800B9DF3ACAEC6C08000080A8000802E3959793B34B52653DFE31C698E565DE03D019D3CF79BB400000383B4788DBEA4F1FB5F20678AE3AF4C3A79F9FA3970D6CB7E777F5E6C4C4A0ECD2D6DDF68F371AEAD0D7F0A0E9160089B280828080026E140415360114040000004B1406F86CF6BB785FD5D8F3ABBB4B2DE4BFBDC1B00133CB696DF09BBC2B977ADB7C6EEF4FB4B3DB0DBEF593E0F3310699B559B412AE359C93DE0F4787D4DDD15E769E5B5DFC2BD2C3A0322EC020A032280CA34808280CD1404D82808094150DD00C9D3C1E5CACF8B9ABE9C2E5F5A7BF780ED001E776AE5F667AD71475F69FDBC7F97E6E480335AAF967AF84BB5CA4A0DA4F26B666C06F1F2F8C7A3C167BE3E9C9E66EECECFCF9D9F107758CB75904B02A022953701150100DC10A54A020025454020802AE87DA9EAC6EDE87DA9EA0F4000795DA797D7F491CD1D5DADF6A7F2FF007726340D5CA4C72CBA6D2DDDF9076BFD2ED5FE36596DBE32D9DDDF6FABEEF9BF57ED8FFE6D7DBACD1D5B3D7B95F8071D3CBC1E7DD6F645E11FB17D0AEDBFF51A7DDB6E58D933D2CEF592EFBE9E5EF967EF67F4D63F0FFA03DB59F0FA9A98CBCB1EEEBF77EF638D9339F1963F71DE592CE964B2F9CABD597672F8E6538C3EDC3DDB3C6F9F57CA78B7A1D7D246A97ADBB3571BC99A0AC880B5372A02A15282A589BA6E0BBA5A5402D4DC67705DC6774DC1A1901A7D7859BE53DD2D7C3775F058F5BF0075000E0ED7C7EAE37CAFEFF479B8DF17B3C7E1BE9E5EEE7F83C4C01F5D5D399639637A678E58DF4B367E05DABC1E5A5967A79CDB3C32CB0CBC36B2BF7EC727E7BFF91FE8E65967FEAF4B1B66524D693ACB3A67B7E0C7763D9D5E15F9EFD18D2B78CC309B6FA98EAE1F8E17FC3FD05A187770C319D31C30C7E1248FC4BE8DF019E3C463A9659CE6961CAEF7533CA4DE4EBD377EE1939A7EDB4CD8979B7C3DE7B79EFF008F83063D5BA1EAE8E5F562DAF9E8F46A81BA5A26E0A85ACDA0A25A806E6ECDA9DE06AD66D4EF25A0B6A33DE4B416D374505113706A73E5F08F534B0EEC93C9CBC168FB57FA7E6EC0000673C779679CB1E05C76B65F0B67C5FD0BCAED5D1DB299CF6B95F5FDFE80E5C6AE5259B5E72B31770716876468E1ABFC59863DFE7B5DBA5BD6CF2775A6E9405C3C51AC3A5F803B746F26D8D39C9AEF02B34B53705DD12D4DC1774DD9405B59DCB59B416D4B59B925A0D6E6EF9F7971DEF496FA4B41BDD377D74F83CEF84C7D6FC9D1A7C04F1CADF4E40E3DDD7C3F09E397FC7E6EAD3D0C71E939F9F5AFA00000000F8F17A3DFC2E3E3D67ABEC03F9DDACB65E5672B3CAB51DDDA7C37FB93FAFE6E080BBAC4501BD28C3E9A40E9C69BB1DE3706ED4DD9DD3706ED4DD9DD3BC0D5ACDADE3A19DF66FC793EB87017C7293D26E0E4B933BEFCA73F4E6F530E0B09E16FAD7DF1C64E924F49B03C9C384D4BECEDEBC9D187677DECBE18CFEF5DE039F4F83C27B3BFAF37DE4D9400000000000000001E471BC25C2F7B19F53FEBFE1EB80FE7E2C8F4B5BB3F1BCF1BDDF76DBC7C7FF5D9F9E3F9FC81CB2351D53B3F2FBD3F0B5F5C7B3F1F1CB2BE9B40716E4AF4F1E1709ECEFEBBD7D71C64E924F49B03CCC3433BECDF8F27DB0E0AF8E527A4DDDC039F1E1309E16FAD7DB1C24E924F49B3400000000000000000000000000000000000000000000000000000000000000000000000000000000000000000000000000000000000000000000000000000000000000000000000000000000000000003FFD9)
INSERT [dbo].[Product] ([Id], [Name], [Articul], [MinimalCost], [ProductTypeId], [WorkersCount], [WorkshopId], [Image]) VALUES (58, N'Бумага 12М Клубника', N'456129', CAST(6467.00 AS Decimal(18, 2)), 5, 3, 4, 0xFFD8FFE000104A46494600010100000100010000FFDB00840009060712121015121213161515161515151515151515151515151515161615151515181D2820181A251D151521312125292B2E2E2E171F3338332D37282D2E2B010A0A0A0D0D0D150F0F152B1915192B2B2B2D2D2B2D2B2B2B2D2B2B2B2B2B37372D2B372D2D2B372D2B372B2D2B2D2D2D2B2B2B2B2B2B2B2B2B372B2B2B2B2B2BFFC000110800E100E103012200021101031101FFC4001C0001000203010101000000000000000000000304020506010708FFC4003D1000020102020606080503040300000000000102031104210512314151710622618191B11332335272A1B2D10714C1E1F0234282157392F13462A2FFC400160101010100000000000000000000000000000102FFC40017110101010100000000000000000000000000110141FFDA000C03010002110311003F00FB88000000000000000000000000000000003CD643597103D063AC8C9300000000000000000000000000000000000000011E26AEAC252B5F55376E4AE04879721C362A1515E2D3ECDEB9A21D2D42ACE94A346A7A39BD926AFCD765F8816EECF533E658EE8CE906FACA553B5554FEA927F235F1E89E906FAB46517EF3A94E29784AEC947D7358C24EE73FD0ED138BC3C24B135DD44EDA906DCDC36DDFA46AFBD2D5CD2B1D101CEF4A7138D86AAC342F169EB4E3153A8A57C9460EEBB6F69776FE3AB691C7ED9D4C45F859D3CF8EAC231F23E8B5713D67AAF23178A9588387D1F8FD29ACB51D4A8BDDA94A2E0F9CF562D7FC91F40C34A7A91734A33D54E518BD64A56CD27BD5F7959E2A4FFE8CE9D27357949DB82CBC460B787AEA4E493BEABB3E76BDBC898D3690C4D1C1D1955716A29ABA8DE4DC9BB2DAFE6D9CD4BF1013BEAE1F2FFDAA59BE6945D8B477C0E130FD3EF7B0F6E5533EE4E274BA174ED3C4A6E9DD38DB5A3259ABEC7964D6428DB03152322800000000000000000000000015F487B1A9F04BE965820C7FB2A9F04BE960721869356367471D517F737CF3F335740B7026A63690D273DE9333FF005197046BE249102DBC6CF8FC88A7564F6B233D03DA448D11A244457A8C615DC5E5E024C89105D78A84E2E338DD35669A524D7069EE35357A338093BAA7ABF04A715E17B1619E3348AF4BA31818EE93E7395BE56367867428C75694145708AB5DF16F6BEF293309016AAE926E514B24E515DB6D65BCDE1C9C57F521F1C7EA47585300005000000000000000000000831DECA7F04BC99390E33D9CFE19793038FC3EC2DC0A987D85BA6444D124891A244C0CD1E9E23241584B699C59854DAB919232A4D98436789ECC52F57BD8E8F19E5CC9A3168B8CBC647233660D14431F5E3F147CD1D61CA2F5E3F147CD1D594C0001400000000000000000453AE976913C57601688B17ECE7F0CBC9903C5CBDDF932BE2748F5649C773F2039EC396E054C3EC45C8111244CD32346499152A338A238B25881156F5972FD4CD18D6DAB91EC51956350F28FABDECCAA2C88E84BABDEC74D48CF0F4346918330666CC245442FD68FC51F3475672937669F069FCCE821A420F8A28B60C29D68CB63B99850000000000000AD5EA5DB49ECDBCED7FD4B2727A571B3A58B9B8BC9A85D3D8FAA826EB78D1F25E9EE96D20ABCE9CE7528514FFA7E8A52A6A71DCDD5875A4DEF575B6D6E3F49A1A660D75935CB345958DA5256D656E0D3FB115F9D6BD44DDE52BBF79C9B7E2F3371D1BAB8F9558FE5E75E71BABA739CE8C637EB27AEF522ADFB1F6EF45436A8D3BF1D48DFC6C2A5685B7B5CB2F98A8D4D245A8A2B50A7295571A716E295EF759704DBDBD9FC65DD994BABF1757C2FB7B88A8E523055087195B54A5F9928DD52916E08D061749D3F491839C54A4ED18B92D693E096D6CE9E9E1A5CB9FD882A4E50D6B4A5676E0DE458A3413D92BF6EAB4BCCA589D0927554D4F59392D64F26A37CF55AECFE33771859592CB7211542AE06EAD7F97EE6B674BD0BD472D67EB5ED6DBBADDC717F89BA4F194EBB8394E9D1B2F46E0E5084D5B3729AC9CAF7C9BCADB37BE2742F4AEAE16A3BA75294DDE516FACA5B35A0DF65934F6D96CDAD11F6FA53B9234723D1CE99616BCA305514672C9427D49B7C12794BFC5B3B1710209183259A2365454C77B39FC32F267C4F4774B71B454651C454695AEAAC9D583CB7EBB6D2E4D733EEAE929DD3796C7DA9ED457C1747B0345EB53C3518C96C92A71725CA4D5D01EF4731F3C461A9569C1D394E3771CF2ED57CECF6ABF13A3C1566F279F69ABA9894BB4F743D672AEEFBA0ECBFCA206F40055000000000E2BA47FF00953E51FA51DA9C8E98C34AA6325182BBB42FC12D559B7B904D6B224F4D9BDC2683A71CE7D77DEA3E1B596E5A328B56D44B95D303434E465245DAFA2651F55EB2E1B1FD994AAE593567C199D56DF40A8FA376DBACEFFA791B348E774649A575966FCCDB4318F7AF028F94FE2AF44B1D3C53C4E1E9CAAD3714AD4BD78596C7059C95EEEEAFB771F38A9A371B7B4A862AFC2547117F0713F51C71717BCCFF00311E25A8FCDDD1DE8463EBCD6AE12A455F395583A315DADD449BEE4CFD13A1B093A387A54AA54F4938423194DDFACD2CDE79F8E64D2C5C3DE229E3E3B937F202CBC8D7FF00A83527BD5F222C4E29BDB92E06BD54CD99DD6B1BBFCDD39A6A4AE9ED4D269F34CD656E8F68D9BBCB07876FB6853FB0A44AD044F81C2E1682FE8D1A74BFDBA7187924495B1CB746FCCA4D18328D7E94A8DD48F296CC97F6EE3D8323D23ED21C9F9A25A48CF45AA0B233620848D221A858D01ED9FC0FEA895EA22CE81F6D2F81FD5128E80001400000001E49DB3296BABB695AFB7B6CACAE61A4313D6D55BB6F37FB1046A017548CD32AC664919911391D7A119AB4927FCDCF71EA9195CA2953D1CA1EABCB3C9FDCF270B6D45AAF898C166F92DECD756D2527B124BB7322938904919C7117DBE279320C1094EC63264118B9CD456F7628B783C2CAB3BBCA0B6BE3D88DB2D1D492B6A2E79DFC4968C5462A2B62467AC20A8F4725EABEE79FCC8AAD092DC5FB995C41A49189B8A94232DABBF632A55C07BAFB9FDC4473DA47DAC7E1FD4B387898693C3CD558B7176D5B5ED95EEF2BEC27A089D5588A3C919246322A21993E81F6D2F81FD51209963417B697C0FEA8946FC00140000008B133D584A5C22DF82B81CDD4C4EB4E52E2DF86E24A758D352AA5AA75423710AA4D0A86AA9D52C53AA06CA3331C46275237DFB915A154A788ABAD2ECDC06339B93BBCDB0918B692BBC92DADEE35B43A4B859CF523562DDED96CBF320DBD8CAF91E23C6151D5659D0D4FACE4F764BBF6FF003B4AB50B98095A1CDB7FA7E841B3D73DD72A2A87AAA1A45B5232522AAA8651A805AB9855AAA2AEF611A99AFD215F5A565B179818D6C64A4F6D9705FAF123A656A989845A8CA514E5B136937C913A20B063232319010D427D05EDA5F03FA9105426D05EDA5F03FAA254740000D0000056D27EC6A7FB73FA5964C2BC35A328F14D78AB01F3D449199EBA660E219598552C42B1AE4CCE130ADAAAB91E220C2BBDCB12764DF04DF8107CC3F153A4EF5FF254A564ACEBB4F6B6AF1A7CACD37CD769C6E8CC538B357A4716EAD6A9564EEEA549CEFF00149B4BB934BB8CF093CCD41F7EE8763FD3612126EEE2DC1FF8ECF9346E248E63F0D6935814DEFA936B92B2FD0EA26644150968CFAAB9221A8654BD544558550CD542B0D62A2E2A866AA1494CC94CA2E3AB65739DE93698584C34EBBCDACA09FF0075496514FB37BEC4CDBCA791F31FC65C6DBF2D456C6EA557CD6AC23F54FC00E630FA4A73A8EA4E4E5393BB9379DFF45D87D93A3F8B75B0D4EA3DAE367CE2DC5BF91F03C1CDDD1F6EE82C1AC053BEF737E336074D63079EC3A047A08D0C701525BADDAF236981C1469276CDBDAF8F67622D0040001400000001C9E98C2EA557C25792EFDABB9FE86BDC4ED31B848D586ACBB9ADA9F14721A470D3A124AA5B564ED1927949EDB5B6A76DC115A5030712C45A61C009F01EAF7FE889F111BC2696D7192F14C8B06ACBBCB2883F30C293D96CD64F9ADA741A07444A72591DC697E81DB113A94A2DC27272B257D572776B2EDBF89D37473A38A8B539A49AF556FE6FEC5A373A2304A850A74BDD8E7CDE6FE6D93D4648792C3546DF525FF164555AACF7075134E3BD793279E02ABD907DF65E6634F4054BEBCE6A9A59B77BB4BCBE64123898B81ACD21A6A9D2A9AAB5E70F7F5734F96F5DB6EE2E60B4952AAAF09A971B3CD735B5778448E2624F631940A31A6CF927E31537F9DA4F73C3C52E71AB59BFA91F5C844E4FA7DD1A78A54EAC339D2D65ABEF46567976A6BE6C0F97685C13949647DE740E0BD1D2A34BDD514F9ED97CEE719D13E8D38C94EA45C631CECD5AEF7647D1B44D3BD4BFBABE6F2FB946E8001400000000008EAD68C76BEEDE0484389C4C29ABCE4979F722A57C6C9FAB979FEC6B3114B5B6E7CF3035FD20E97D48A71C3C2CFDF966FBA3B177DCF98E96A95AB4DCEB4E53971936ECB82E0B91F4AC5E8F4F71A1C7689EC0C6D731A33A475A834A77AB0ED7D74BB24FD6E4FC4ED344E99A55E3784AEF7C5E528F34CE4B1BA29ADC69AA6165092941B8C96C69B4D77A066BEBD4193A67CF741F4CA54DA86262DAD9E922B3FF00282F38F81DE61F110A90538494A2F64A2D34FBD11A58B8B91A659C2616551D96CDEF801674661F5A577B23F37B91BA23846308A4B2488A75DBD997995534EA2450C545CF6ECE1B89933D08D063744465B8E6F1FD1DB3D68DE325B2516D35C9A3E83385CAD5B0C9920F9FD3D278BA19492AD1EDEACD7F92567DEBBCDB68FE9350A8D45BF473F76A755DF827B1F7336F8BD1C9EE39FD23A0A3259C53EE03A24D359183671D430D5F0EFF00A351A8AFEC9F5A1C9279C57268E8F43D7AD5DDBD134F7CA2EF4F9B6ECD72CC0BBAC743A3B0FA90B3DAF37F630C168E8D3CDF5A5C5EEE4B7174AA000000000000D6D5C6C9E4BABE6406C7138553CF63E3F735F529B8BB49727B9F208F0F1C4F533D0219532AD6C2A66C2C78E207358CD1B7DC68B1BA2BB0EFA5453225A354DE51BF978848F96D6D17D86D7A37D1FC4EB5F0FAF4D3F59DED07DAE32BA6FB99F48C2E80A5177924DF0DDFB9B68452564ACB820B1A6D1BA0DC1275AA3A8F85A318FF00F29366CAA5651EAC55BBACBB8B07928A7B42A839379B3D279E1B878104E2D6D411EDCC93233DB9519DCF0C45C04A28AF570C9966116F616A9D24B9915ABA5A120DDE4B2E06D69528C56AC52496E4660280000000000000000633826ACD5D190035D89C238E71CD7CD7DCAAA68DD956BE021277CE2F8C72BF34050524494E0E5B17F399668E012DADCB996D202B53C1AFEECFB377EE594AC7A00000000001E347A00827865BB2F22BD4A6E3B7C7717C048D5FA42CD1A0DE72CBB3793470F14F592CFF009B89411E455B61E801400000000000000000000000000000000000000000000000000000000000000000000000000000001FFFD9)
INSERT [dbo].[Product] ([Id], [Name], [Articul], [MinimalCost], [ProductTypeId], [WorkersCount], [WorkshopId], [Image]) VALUES (59, N'Полотенце 11М Дыня', N'400418', CAST(11660.00 AS Decimal(18, 2)), 4, 2, 7, 0xFFD8FFE000104A46494600010100000100010000FFDB00840009060712121215121212151515151515171515151515151515151515171615151515181D2820181A251D151521312125292B2E2E2E171F3338332D37282D2E2B010A0A0A0D0D0D150F0F152B1D15192D2B2B2B2B372D2B372B2D2D2B2C2B2B2B2B2B2F2B2B2D2B2B2D2D372B2B372B2B2D2B2B372D2B372B2B32372B2B2B2B2D2BFFC000110800E000E003012200021101031101FFC4001C0000020301010101000000000000000000000301020405060708FFC4003B10000201020207050605020701000000000001020311042105123132415171618191A1B1061352C1D1F007224292E172F1162324628293B214FFC4001801010101010100000000000000000000000001020403FFC4001C1101010101000203000000000000000000000102111231031341FFDA000C03010002110311003F00FB88000000000000000000000000000000000000000011AC88D75CC0B015D75CC9D6404800000000000000000000000000000000000000000A9D78AE37E82FFF00A9F08F981A486EC667293E36E81601EEAA28EAB280152E6F995240820907966F2EB9192B694A10DEAF4A3D6A417CC0D649863A670CF66228FF00D91FA9AA95784B7671974927E83B0E184EB30B0144A9B2CAA14001CA4488254C21C05632B96000000002B29A5B4CF5315C901A85CEB25C7C0C4E6DED2AE5F7D80689E25F0C84CA6DED6C5DCAB9114D8E6ECBBC7C63617865937DA3400009B0011726C160397A6F4F51C2A5EF1DE4F3515B5AE6F923E7DA6BF103112BAA56A51E0D25AF6EAF619FDBA75162A7EF16796AB7C639D9AF16BB8F178DC45AE736BE4D5BC74671993B4ED25A62B557FE6559CFFAA4DF93673E15F330D4ADC48856278B7D8EE50A876307896B649A7D6C798C356D9FC9D5C3D63CF51A8F71A37DA6C442D6A8DAE52CD7DFDDCF69A03DA48E21EA4D6A4F872974E4CF9461EADCF5DEC860A756AC2714D469C9394B85D6765CC7C7BDCD4918DE33CEBE8D70B91720EF72AD722E41005AE3E0EE8CC68A3B022D29259BC8CF5313CBC475685E2D1800B36559251854946C1C8AA025B2AD92CA906CC26EBEA3DA33E0DE4FA8FB944D82C0A44810162400E7E99D0D43150F775A0A4BF4BD9283E719703E65A77F092BB6DE1B1309AE10AA9C25FBE374FC11F5C033712ACD58FCE18FFC3ED2B49BBE0E724BF553953A89F45196B7918E97B1BA49ECC0E23BE9B8FF00EAC7E9A064F08BE75F9C687B13A4EEBFD156EFD45E6E563D2E89FC38D2324B5E34E92FF7D44DAEEA7ADEA7DA2E04FAE7EB5F6578AD0BF87B4A9BD6C454755FC114E10EF77BCBC8F63428C61151845462B628AB245C0D6719CFA8C5D5BEC3024866900036227885C0064E763461B751CFBDCE8E1F75740861CEA8ACDF53A262C5AB4AFCC04DCA364B656E45430006C0823A8588035E0B8F70F666C1BCDF71A594550260CAB02FAE4EBA1122B720D5ACB981927313397228E890737DE35C7C05CB112E6F2CDFD083AA070DE2A7CD949E267C64FC474E3BE2E75E2B6C9789E7E559F16C2321D5E3B72C741768A9639BD88E646FC474113A71A1D46F6B2D142E286459436274B0FBABA1CD89D2C3EEAE85430CD8E8E57E4FD4D252AC6F16BB18472C190992C8A822C599593021B2010301F8479BE86B663C2EDEE3594410C96540AB4519790B9320A4E4224B8F77D3CC6C976F42920112BDBB7E7DA2663EA3ECB74F98B92B2CC8A431321B39096041689545E203A1F41D142298FA6036230A44BA286C0E9E1F757439913A94375744565700003935A16935DBFCA03463E39A7CF233B22A0AD8B32AC0864206C940330EF3362662A2F3362600C860458A2AD0B90C6519029C4A4AC325D7FB899657015525CBC444F3E37D9CAC3A7C5B7E2F21527B6D991499A14D0D92629E40412914B178301F4C7C0441DCD10EAED7E20311789448BA286C4EA51DD5D17A1CA89D5A3BABA22A55C00021589A7AD16BBD771CE4758E6D785A4D00A6432C55A22AA17064017A5B4D88C34F6A36C4096000C0A149179315201721721AD0B980990A9FDF5E0364C4D4645266258C90B90152D02A3200360B98FA6C4450FA5DE03A2CBA451168B28723A94775745E872A27568EEAE8BD0A8B80004065C6C364B96D35159C6E9A039722ACBB28C8AAB209643604C369B20638B354180C6C8600C0AB16D0C652402C54E45E684C900A9B13243E62651229524C5356ED1B311200B931651978301F066883E466A66887F601B72C910916B943523AB4775745E8726275A86EAE8BD0ACAE000000000732BC6CDAEDF515234E323F9AFC1A33322AACA32CCA3605A26BA6CC373652614E0645C2E110D0B91776152029242E45DBFBCF914602A48454C874D99E6AFC48A54C5B1AD0A93028CBC10B2D1606A88EA6FEFD0CF4CD116034B22A8B2650D81D5A1BB1E8BD0E4C4EBD0DD5D17A15170000800000462E9DE3DAB3FA9CE923B0722A2B36B93B00A909948B569A4AEDD92DACA61347CEBFE69DE34F82D929F5E488A55153AAF569EC5B66F7574E6CE8D091D3A346304A314925B1239145D9B5C9B5E0C0D8992CAC49B010CA4917B0B6D01576E2679CF92E03642D808947C92D8B2155074C54E36CC8A4B4D8A9B2F52429A02A5A25064580FA48D1166780F800C4CB45158F22F1450D81D7A3BABA2F438E99D8A1BABA2F42A2E00010000001CED210B3BF3F53A22F114B5A2D7DA607130B86F7B533DC859B5F14B6A4FB16DEF3BE91934751D58B4D66DB6CD600712BDE35649F1775D1FF00276CCD8EC2EBACB796CFA019A9B2E66A33E0D59ADAB8A1E99152D0B917292017242A6C6C844E60524C4549772E2CBCA5713364529C85C98C69BFBF98B901468BC57DDCA37DA5A0C07D33440CF01B0900E4CBA95CA24966CCEF16E72D4A51D67C965DEDF0451AAAD669251CE4DA515CDBF96DF03BF462D4527B52473B45E8BD47AF51EB4EDDD15CA2750AC80000000000000000000000001188C2C67B726B64964D186A4270DE5AD1F8A2B3EF8FD3C0EA801CA8554D5D3BAEC2646AAF80849DF765F14727DFCFBCC9530B563B2D35FB65F47E40524226FB7C82A6212DE528FF00545AF359798BF7AA5B1A7D2CC8AACD8A68BCEE2A5322A9524B82E0224FB3C46DC54A7F7EA055F69316C454AD059BCC29E39BCA3072E565703A1461CD915717182CB36186D1B89AB6BC5417397D11DCD1DA169D2FCCFF0034FE27F25C0BC4EB9385D135AB352AAF523CBF55BE47A1C1E0A1496AC2292F37D59A00A8000000000000000000000000000000000000000086AE66ABA3E94B7A9C5F7235001CE9685A3F0B5D2525F3172D034B9CFF007B3AA00721FB3F4FE3A9FB88FF000ED2E2E6FF00E4CEC001CDA3A0B0F1CFDDA6FB73F53753A318EC8A5D10C000000000000000003FFFD9)
INSERT [dbo].[Product] ([Id], [Name], [Articul], [MinimalCost], [ProductTypeId], [WorkersCount], [WorkshopId], [Image]) VALUES (60, N'Набор 42М Дыня', N'390914', CAST(14344.00 AS Decimal(18, 2)), 3, 5, 10, 0xFFD8FFE000104A46494600010100000100010000FFDB00840009060713121015131313151515161818181717121615181518171716171618171815181D2820181A251D151621312125292B2E2E2E181F3338332C37282D2E2B010A0A0A0E0D0E150F0F172B1D15192B382B2B2B2B2B2B2B2B2B2B2D2B2B2B2B2B2D2B2D2D2D2B2D372B2B372B2B2B2D372B2B2B2D2D2D2B2B2B2D2B2B2B2B2B2BFFC000110800E100E103012200021101031101FFC4001C0001000105010100000000000000000000000301020405060708FFC4003D100002010202070604040503050100000000010203112131044151617181F005061291A1B11322C1E1073252D1427282B2F11462C2232492A2A333FFC40017010101010100000000000000000000000000010203FFC4001A110101010101010100000000000000000000011131022112FFDA000C03010002110311003F00F71000000000000000000000000000000000000000000000000000000000000000000000000000000000000000000000000000000000000000000000000000000000524CD7E91A4B93F0C72F57FB2033275D2FB11CB4ADDEBF62071248C3CF6B358893FD4EEF52F55B711420B32F51260BD554554CB122E02EF10F116A4060BBC457C4582C3157788AA911B452C304AA42E456307B47B423495B396A5FBF9308D9DC1C8D7ED8A8F2F9782312A69F51E7525FF93F6B99D577372A79FF00FAFAA9DD5495F8BFDF1379D8DDE2F14942B5937829E49BD925AB8FB0D1D2009828000000000000060C6D3ABF823866F04041A557F15D2C967BD9151C2EF5B23A2BC912C277573489628908E9C8BE2C2A5B9722C522E8B20AEBEB915651342E05D705A10455B2A5B71700D84C321D2349514DBD5D7D4518DDABDA0A9C6CBF33CB77DCE62A546DDDE2F7BCAE4BA4E90E73727D6E21316B58B1AEB12364B62CB104334413321904FAEB901D7F75FB53E243C12779C3D6392F2CBC8DF1E6FD9BA5FC1AF0A9A93B4BF95E12F2577CB71E906A20002800000000A3668BB4F49BD5B6CC39E0DF0FB1B9D26A28C5C9E514DF92B9C750AEDCF16EEF1C15EF8DDAB79960DB2768D96B78E162653E2607C5BBD7CEE4AAA1519D4A587DF717C6A73DD86ADE61C6AE17EBACC9215386B4F3CF1CB0DBEE66AB32527F7B5F7E25FE3CDF96DF731613D89259E1BDE3EBEE5F29604194A586A2AA5A882330A76B302673FA157220AB2B6BB6F7C332EA92D9B3FC7D068BFC6B6EA0DF5991A9F966BAD458DF5F71A26F8981A7EDAAD94575D626C673F4C7558E734CADE29B7BC96910583EB6065C4696C8B245ECB2682219104F227990D4031AAA3D13B0349F89A35396BF0D9F18FCAFD51E7934765DCAA97D1E51FD3392F35197D4B11D0800D000000000D4F7A2B78747697F138C795EEFD13391A3531BECDD7F4E5E8741DF6AB6A74F7C9E1C17DCE4F46A9F33E19EBB6F79BCD951BA55765DF277B704B7ACB025F88D2CB56DB5D3B629E3B5F1F53550AAB0BBD76F3DB6D58993E2F95856C9565E0E57D9ECF1E64F1AAEEF72BDEEF2D7AB57591ABA753E55E5AB6332157B54E386CB60AFAF77A79E467427F3649EFC9A593E3AB0DC4D52AF581AD954DCDEE4F17B171B9355AB7C71DBF520CE854D5CF5F5D32F84F57B9AFA75AC5EEB595EF6D78F5BFDC0CDF8B78EF4D67F52F94F2F55B1FF009BA3027592934DE0D5EDAFC37D99BC5B5E45D2AC924BC4B646EF1924B56DC009E3552F978BE1B3CFFE2CBBE26DD5C4C18578C9FCB8A4ECF0F0D9EDC6CDAD8F1CC8EB55B45B7696BB59D9796C027969378D4C55F2B2CD5D6B5AB59A832EA4ED4629E6F17CF1FA989725553AEBD42454A482A96F335FA7F6B51A4FC352A252FD2AEE4B8A5973B1AAEFAF6F7C082A54DDAAD44DB6B38435BE2DDD2DD7679FD39D9DD66F17BF8EFDE62FACE2C8F56D1F4B8558B94249ACB0BE1C53C454EBD4E0FB07B4BE1D68CAF68BF9669EC7863C1E37DC77D35897CDD4B318D3C8EA3B8D2C2B2D578BE6FC5F448E624749DC77F3555BA3F5373A95D6800D20000000038FFC409D951E33FF0081CA4258E5A8EA3F11FF002507FEE92F349FD0E3E9CEFE406C154C2FC3F6FA9971AF78E69EDB60AEB3C2F83B34F3D86AA13C0C9A752F1E1C7565BB5AF2DE4D19B4EAEAE196AD97F6E664AAF9E36CADC756BDBEECD5D3777D75D6E2484F1BEBB5B972EB0DE346C655BDFAE7812AADAAFE2B5D36F0BDB36ED93C0D6CE7875A89D5478379EACACF7E1D5EFCE0CC55392D52C1BDDF2F079B258545E783BE29DB538E56C766B7B4D7FC4C6FD6AD65615755EF94AFBDE0FDFD00D8CAA3518E364B62B34D6B5B33CB7226553E5C6D7D767F2DF3593B599AD9D6BAF4D59AC13E2D61FD28A53D212574DE1849378D9E2F8DAF75E4065BAB758BDD8E782D77CC834BACD41B4F1E17DD8FA165595ADBF1E4F2FA189A449CBC295B3DEB0BED4C0D9E92FF002AD892F67F5202FACFE67D6D2C32D2AF61476D796B7C3360D7F78B4874F44AF358354E497197CABD6480F28ED4D3DE91A454ACEF69C9B4B64728AE4AC470EBC8B614EDCBAEB892C61D75D6272745CEED61F6E67A7767E91F128D3A9FAA117BF2C7D4F358C2FB7AFF002BCCF42EEFC7FED296E8BFEE91AF3D66B299D2771D7CD57843EA73723A7EE347FF00D9EAF917F7BFAA3A4EB15D5000DA00000000392FC47A57D1E9CBF4D4F78CBF6383A12C4F4DEFA68FE3D0AA6D8F865E5257F4B9E5D1D5D7025195095B025A52B5FAB5B3B7990365FBFABF3C88A9E32E1B4954B971B7975B0C68CB1C7F6E1D6E25BF5D7DB220C98CF0C7C9AB3E7CAF817D39E16C6FAF2BECD58F4CC5A6CBE9CB55B0F5FB819309F9F9F5ACBBE26CCB7E7C170C57918AA5D7D6DC4BDCAFC5F3C75FB0464BA9873B7D73D6593AAECD616D7B71D7C332053DFE5D6E2937D63C9819952A6096C56F4EBA463F8AF561FCCBDCB66F8E4B7EA4594E5FF523D6DB65C35946E9F5E6510BF5D730CCB4A1A6EF94BFECAA6F705FFD22FE8CDD3353DEA878B44A9BBC12E4A71FDD8BC275E69F0FAEB91554BADE6538E7C7AF7F42B18BD5BBD0E2E88E8471DB7F63BEECA878747A4BFD8BD71FA9C8D2D17C4D7873BA4ADBDDB3E7E8772E0A294564959704AC74F2CD44CEB7B910B51A8F6D4F4508AFDCE4A48EE3BA94EDA347FDCE4FD5AFA1D2315B8001A40000000041A6D05529CE0F2946517CD3478DB838B717834ECF8ABA7CEE7B53479AF7CB40F85A5CA4BF2D4F9D6CBBFCCB8DD5FF00AB892AC68E289A2B07B735FB16A897C558CA89EBFF003CEE49065A963D6BFB1725620BAF6655F5EE52C2C049D6C1E2C3CF5FD39A2D8ECFA75D5CAE5FE7D37E0054A4B7E0365FEFE796C0FADF8041BC13DDEDEDF62CBDA707BEDC9E17EB6158FF00822AF92DDFB203A0A6F02F2CA52BFBF9ABFD4BDB0A10E9943E2539D3FD71947FF24D2F568999460797F87735F4DABDC9A8C2EF23A2EDDEC2978DD4A4AEA4EF28ACE2DE6D2D7178BDCDBD5963E81D8F393C538ADB28B5EFF4BF2CCE78DEB23BBFA1AF178DE51DBB7579666EE65D4A8A845456AF3BEB65950DC98C216CF47ECEA3E0A508EC8A5E989C1767D0F895A10DB257E0B17E899E8C6FCA50006900000000034DDE8ECAFF005141A8FE787CD0DEED671E6BD6DB0DC9460790C574FEA5D14755DEBEEFCAEEBD18DDE7520B37B651DF9B6B5E6B1C1F230AE9ABAD662C54E5CA3C0B233258CBAE999694B15512F597562A808DC76F5D5CADB8F0E7BB8F5912228D75FB011F84A12B8F5D6ACC38810A58FA11D54643896CA37D9708D9E832BD38F0B7961EC89CC2ECC960E3B2EFD97EC669456E51B0519450B5952D9016B663C89A6C8A406EFB9FA35EA4AA3FE1565C65F65EA75E6BBB0743F8542317F99FCD2E2F572565C8D89A8C80028000000000063691A7D2A784EAC22F64A514FD58190D1CBF6F77329D66E74A5F06A3C5D978A9C9EF85D59EF4D70665F68F7AF47A4B39D47B2946FF00FB4AD1F538AEDDFC45D2F15A3D0A74D7EAA9E2A92E566927C9928C5ED0EEFE9F41BBD07562BF8B476A787F2612BF23534FB6A2A4E127E09ACE134E325B9C65668E77B63B73B47486FE2E9359C7F4C24E9C16EF0D3B27C5DD9CBD7ECE6F3462D8D47ADD1D3E2F59931D251E334E15A1F92A4E3C24EDE4F0361A3F78B4BA7AE334BF5AC7CE36F622BD6A35492323CDF45EFB356F894A4B7C1A6BD5A371A2F7CB479673F0FF003A6BD5E00761E2297B1A9D17B569D4578CA32E0EFEC65AAE9EB44196A6829AEBAE0414E2E5926EDFA55DAB9911ECD9349F8AD7CD5B15C009283B4D3CFF006EAE6C59AC7A2D97CB7BADAEF7E5ABFCEE33B47A9E2827B332A2F6016B3428CB59732C605ACD8777BB3FE2D54DFE4859BDEF52FAF2DE6150A12A935082BB7E496B6F723B8ECDD0A3469A8479BD6DBCDF5B8B2256524540348000000000000164E92774D277DA932F006057EC7A33CE0BFA6EBD1606B748EE8D096AF38C7DE367EA74209838BD2BB8D4DFE57EB6F469FB9A9D33F0F5FF000A52E691E94061AF1DAFF87B2BE3151DAFE676F4C7CCD6691F8773BFCB52973725EF13DD4A4A29E689F98BAF9F34BFC3DD2636F0A854DAA9CD5D729F86FC518FA3FE1D69752F782A766B1AAEC9A7AD38A77D582DA7D0F2D1A0F3847C910CBB3E9FE85CAEBD89F85D78FE81F85FA343C32A956ACE4BF32A7254E0DDF5351F1A5FD48E9F45EC6D1E9FE5A4BFAA75269E0965393B65E78E67693EC7A4F53E4D98F53BBD4DE52A8B8493FEE4C626B9D8D38C55A29456C582F42372DF9758A37D3EEC2D5565CD45FB58C7A9DD69EAAC9FF343EE32AFC6926ED8F5E446E7E0978BF85E7B9FEC6DE5DD9D21653A6F8B9AFA32C7DDAD2315FF0049DF578A4D35BEF144CA311BEB516B3221DDBD2E0D781D3F0DDDE151B92FE99E0E18ED53E06453EC0D25FE68D28F0A926BFB10FA35AC9346D167565E182BBD6F52DEDEA37DA2F7692C6A49BDD0C17379FB1BBA142308F8631515B1235226B13B2BB2E3423658C9FE69358BE0B52DC6C00348000000000000000000000000000000000000000000000000000000000000000000000000000000000000000000000000000000000000000000000000000000000000000000000000000000000000000000000000000000000000000000000000FFD9)
INSERT [dbo].[Product] ([Id], [Name], [Articul], [MinimalCost], [ProductTypeId], [WorkersCount], [WorkshopId], [Image]) VALUES (61, N'Бумага 5М Бриз', N'345239', CAST(9243.00 AS Decimal(18, 2)), 5, 1, 8, NULL)
INSERT [dbo].[Product] ([Id], [Name], [Articul], [MinimalCost], [ProductTypeId], [WorkersCount], [WorkshopId], [Image]) VALUES (62, N'Набор 14М Дыня', N'373939', CAST(3382.00 AS Decimal(18, 2)), 1, 2, 3, NULL)
INSERT [dbo].[Product] ([Id], [Name], [Articul], [MinimalCost], [ProductTypeId], [WorkersCount], [WorkshopId], [Image]) VALUES (63, N'Бумага 33М Клубника', N'252485', CAST(4240.00 AS Decimal(18, 2)), 1, 3, 6, 0xFFD8FFE000104A46494600010100000100010000FFDB00840009060712121210101010121010150F101012121012101515150F1515161615121515181D2820181A251D151521312125292B2E2E2E171F3338332D37282D2E2B010A0A0A0D0D0D0E0D0D0F2B191F192B2B2B2B2B2B2B2B2B2B2B2B2B2B2B2B2B2B2B2B2B2B2B2B2B2B2B2B2B2B2B2B2B2B2B2B2B2B2B2B2B2B2B2B2B2B2B2B2B2BFFC000110800E100E103012200021101031101FFC4001B00010003010101010000000000000000000002030401050607FFC4003D10010002010104050709070500000000000001020311042131610541517191121452A1B1B2D113233233727381C1F0152242626382A2244392E1F1FFC4001501010100000000000000000000000000000001FFC40014110100000000000000000000000000000000FFDA000C03010002110311003F00FDC000000000000000000000000000000000000000000000000000000000000000000000000000000000000000000000000000000000072674E3BBBD0B6D148E37AFFCA0160CF3B6E3F4EBE28CF48E2F4E3C27E00D431FED3C5E97F8DBE07ED3C5E97F8DBE00D832474962F4FD56F8251B7E29FF0072BF8EE06915D768A4F0BD67FBA16000000000000000000000000CDD279FE4F165C91C6B4B5BC201DDA36DC74DD6B6FEC8DF2C397A6BD1A7E369FCA1E0E1DA696DF168D7AF5E2BE2146CC9D2B96784C57BA3E2A6FB55E78E4B78CAAF20F200D75E7DE5AF11C6623BF7251563CDD1DE55A6FE54EB3DBBFC3B01779D53D2F549E735E7E0AABB0CC75C2CF369E404E789EA9F5233B4D79ACAECCAEFB06BFC4084EDD8FD288EF5D59D77C6F867B743E39FA5ADBBE7E0D94C31588888D223744402B9822D31C2663BA6616F90E79009E3E90CB5E192D3DFA4FB5AF174E5A3E9D62DDDBA74618C5C91BD3407D5E1CB17AC5ABC263584D87A167E66BDF7F7A5B90000000000000000187A763FD3ED1F7393DD96E65E96AEB833C7F4727BB20FCEF668FC1EAECD926234D773CAD8E783D3D9EF13BA78F6FEBAD46EC57ED5F59ACF6B3E3AAFAA09691DA9C632AB2010F924BE479AC884814C60E679BF35E029F378ED976367AFEA56B80AE71C47523B964A16057664DA384B55EDD4CD9B803DCE81FA8A77DFDE97A0F3FA0BEA31FF007FBF67A0000000000000000028DBA35C7923FA778FF195EAB698D6978FE4B47AA41F9CECD4E131DEF430D75E73D9D6F3762B707A38AFDBBF4D3F2FD7E0A36E18E5EBDCD15867C77E3CBF5F9B4D27F2F5F04165564214985900942468E838E84C80E49E5393780711984BCA426C085A1936886AB6AC7B4C83E83A1634C38FBADEF4B731742FD463EE9F6CB680000000000000000E5A35898E5A3A03F32D93A9E963979DB3C3D1C52A35E39868A69C146398FF00D69A78A0B344EB572B29C02510EC47373C520221DF279C1A723C90734260FC3D60228D939846C0A6F2C7B435DD93383E8BA223E6717D886C65E8BFA9C7F621A80000000000000000001F9BE2E368FE69F6B760962AC7EF5FEDDA3D6D98FA946CA434514E3FD762FACCF620B6166F46B6D5389076B3CD37225D034E6E6FEDF6246A0E23A4A7AB808F93CD19859285A414E4863DA2776910D9919335777C01F45D17F538BEEEBEC6A51B07D562FBBA7B21780000000000000000003F399AFEFE49EAF94BFBD2D9867C196F3A64C9F797D63FBE5AB128D74DDCDA6B31CE39F533E2F168A7820BA9DEB15517540884B434740000001C9466529846623B4155A5973CF6356464CC0FA4D87EAF17DDD3DD85EAB648FDCC71FC95F642D00000000000000000007E799B766CD59E1F2B9349EBFA72D15F157B663F9ECDF7D93DE95B8A8A356269C6CB489868A4F241A2B65D5967A59756DC81644BAE3A03BAB8EE80E1A86A08DA50B256946414DA59B34E912D57865CF1BA41F51B3FD1AFD9AFB16238E34888E51EC480000000000000000001F1BD37B0DF1E5BDF4D697B4DE279CF189F5B3E1BF6BEE6D5898D26358EC9795B5740E3B6FA7CDCF646FAF87503C5A5FF005F8E8D344B2F4464AF57951DB5F87157F236AF1ACF54784EA0D18F9C2DAC335674D38EBBD756D3ECFF00B05D10EAB8B25E5027A1A21E5BB1704B471CD5C9027442D64A31CCEE88D5763E8FB4F1D2BDFBFD40C39253D8B639C97899FA113ACF3D3F863B5EA62E8EA46FB6B6EFDD1E11F9B5D634DD1C01D0000000000000000000000007263B5D0154ECF4F463F0DDEC46764A767AE5780CFE675E7E2EF9AD79FABE0BC051E6B5E679A579AF01579B57B3D7295715638563C21300000000000000000000000000000000000000000000000000000000000000000000000000000000000000000000000000000000000000000000000000000000000000000000000000000000001FFFD9)
INSERT [dbo].[Product] ([Id], [Name], [Articul], [MinimalCost], [ProductTypeId], [WorkersCount], [WorkshopId], [Image]) VALUES (64, N'Набор 34М Клубника', N'381110', CAST(2372.00 AS Decimal(18, 2)), 2, 3, 1, NULL)
INSERT [dbo].[Product] ([Id], [Name], [Articul], [MinimalCost], [ProductTypeId], [WorkersCount], [WorkshopId], [Image]) VALUES (65, N'Полотенце 14М Дыня', N'331688', CAST(10330.00 AS Decimal(18, 2)), 2, 2, 8, NULL)
INSERT [dbo].[Product] ([Id], [Name], [Articul], [MinimalCost], [ProductTypeId], [WorkersCount], [WorkshopId], [Image]) VALUES (66, N'Бумага 40М Бриз', N'326200', CAST(12927.00 AS Decimal(18, 2)), 2, 5, 1, 0xFFD8FFE000104A46494600010100000100010000FFDB008400090607080706090807080A0A090B0D160F0D0C0C0D1B14151016201D2222201D1F1F2428342C242631271F1F2D3D2D3135373A3A3A232B3F443F384334393A37010A0A0A0D0C0D1A0F0F1A37251F253737373737373737373737373737373737373737373737373737373737373737373737373737373737373737373737373737FFC0001108009F009403012200021101031101FFC4001B00010003010101010000000000000000000002030405010607FFC4003210000202010105050606030000000000000001020311041221314171053351617206223281B1C11314526291A1232442FFC40017010101010100000000000000000000000000010302FFC4001B11010100020301000000000000000000000001025111134103FFDA000C03010002110311003F00FDC4000002339A82CB03D7251596D22A95D9F817CD98B53395996F778227559B5526B8E00BE565983E77B4755ED23BA4B490A6BA793D86E7FCBDDFD1DC95D28F911FCD3E7B3FC1CE58F3EBAC6C8F89D5EABDAC8C9FF9B50BD1B1F639F6769FB5708AFF0026B38F0D8FBE0FD1BF38B38714C7E6E3FA119F5DDB49F49A7E7FA6ED9F6A36D2DAD4B7FBAB4FEA8EF767F69FB4B2B17E2D30B2BE7B75E1FCB07D0AD62E0A28B23A8DD878C780985DA5CE696C2C9E32D35E4F91356F368A1D8DEF58C7423293927991B326E8B5249AE0CF4AE8EE61D1160000000000000109D8A1C4CB294AC965FF0006AB2B8D8B12F97919E75CA1E6BC40AAD8FBA66A6C70B1C37E389A64F760C3A8CC2719C7930AD336B8B6D7C8CB6CAADF9945FCCD10B76A19CEF28B5E7E2517D51066DD2F8167A4896C58F82C2F510B5C3FE5462FC9108D8E3C40D304D3DFF535D662AEC527F09B2ADFC9017A7B88C9678924466F701D0A7B9AFD28990A3B9AFD2BE84CA80000000000000000CDA8A32B30E2B91CEB61B51717CCED1C595DB164E13E1B4FE5BC0CDA7938FBAF7B5B8B2DDEB83446F8EC5F9FD4B27BB5EE915966FAFF00023B0F9B2764BA15E7C1600BA2A39E26CA4C55B35D40684464493DC464074A8EE6BF4AFA132147735FA57D0995000000000000000003E7F5517F8D67A9FD4EFB38FA88E6FB3D4C0CDBE55A8BE5C19E6FD965CA3829BFDDC9159EC6D722B52EA46D9EF3C84BC4835D4CD95231558E46DA8A2F40F133D03A34F750F4A2642AEEA1E944CA80000000000000000F19C9D43C6A2CF533ACCE46ABBFB3D4C0AF6B253AADF0CE705A885CB6AB688AE44DFBCD29138233DB95732FA9906DA4DB518A9E28DB5145E90E4FA041F003A55F771E8891187C11E848A800000000000000001C6D577F6753B272358BFD89F50283C97024D6E33D92D96457335988EAB65456F59255F21AC8EDDF09A59587915EE036D3C8DD4A30D2F26EA40BD23D7C023D407421F047A122357770E8891500000000000000000397ADDD7CCEA1CCD777F2032365171748AADE04560BD27B3B9733C8A44AFE59F12315BC0D74A36D2CC549BA940685C0F781E4781E81D086E84579224791F85743D2A000000000000000007335DDF48E99CCD777ED7403148AE7C0B265563DC4565B970EA46289CD70EA7914C0BEAE26EA8C94A36D405B1E07A0F501D08FC2BA1E914F723D4CA8F40000000000000000E6EBBBF7D11D239BAFEF9BFDA80C7345322E935E2572C1159A7F7115E5FD97CF6761616F6F7914BC9013AD791B2A33569A66AAC0B11EE7081193DC06A56F2C96C25939F093355592A34A67A462480000000000000F19CEED284935349B4B89D22338A6B781C18CA13598EF0D2376A7B2EBB65B7072AE7FAA0F0FE7E262B3B3B5D0EEF5154FC3F12BC7D1815CB7AC6171C8488FE0769C3E3D369EC5E30B5AFE9AFB9EFF00B6B8E8E5F2B22455F5C4D3058463ADEADBC2D225EAB97D91A2146B6CE33AEBF4ACFD40BE4D259CA4BCD956D6DBC4537E64E1D9EB693B6C9592FDCF26AAE88C7815145553DD935423826A182490048F40000003FFD9)
INSERT [dbo].[Product] ([Id], [Name], [Articul], [MinimalCost], [ProductTypeId], [WorkersCount], [WorkshopId], [Image]) VALUES (67, N'Бумага 20М Клубника', N'253218', CAST(11684.00 AS Decimal(18, 2)), 5, 2, 6, NULL)
INSERT [dbo].[Product] ([Id], [Name], [Articul], [MinimalCost], [ProductTypeId], [WorkersCount], [WorkshopId], [Image]) VALUES (68, N'Бумага 50М Бриз', N'340583', CAST(6788.00 AS Decimal(18, 2)), 3, 4, 7, 0xFFD8FFE000104A46494600010100000100010000FFDB0084000906070F0D0D0D0D0F0F0F0D0D0D0D0D0D0D0D0D0D0F0D0D0D0D1511161615111313181D2820181A251B151521312125292B2E2E2E171F3338332E37282D2E2D010A0A0A0E0D0E150D0F172B19151D2B2B2B2B2B2D2B2B2D2B312B2F2B2B302E302B302B2D2B372D2D2B2D372B2D2B2F2B2D2B2C2B2D2B2D2D2B2B2B2B2D2B372BFFC000110800E100E103012200021101031101FFC4001B00010003010101010000000000000000000001020304050607FFC40038100100020101040607060603000000000000010203111231517104052141619106133281A1B1F01423243372B222527382C1F13442C2FFC400160101010100000000000000000000000000000102FFC4001E11010101000202030100000000000000000011013141021213215103FFDA000C03010002110311003F00FDC400000000000000000000000000000000000000000000000000000000000000000052D7576E41A8C66D3C51AA51B9AB9ED3A46B33A47199D2197DAB1F75EB3FA676BE455766A9D5E6749EB4C18622D932452B6B452266B6EDBCEE8DDE0BF47E9F872D62D4C95B56D1AD6D1AE931C617EE5E91E80E6AE4ACEEB44F29895B54A3718ED4AD17928D052322D13AA89000566F10CAF935998EE8EC5754A359CBE0ACE495368DA2AADB53C4D678CA9377955CBD22635CB1349D7D9A4FF047298DE0F5D139223BE3CDF9D7A5B9AD1D2F0D22D6D9FB34DE6B13D933F68A46B3EE7D560AC6CEEEF8EE8E10DF97F3F5F1CF2FD673CAEEE7E3DC8B6BBA75E46D4BE5FADFA44E0C7B74C3EBEF39294A63ACC5666D69D35D749D348D5D3D072749C94C77A56F4DAAD6DB1975D2BAC44ECCEBC377631EBB2F4B7A7D06DCA7D64B38FF006945691953393B278B20A116FF004B6ACF247672DD2C6325A3BF5E69474EA9D5CF1D238C794AD19EBE3E4A397ADBABBED38ED4DAD99B57489D36A2275D75D3DCE5EAFEABBE0C58F1CCC5E694A526D1D9AE91A6AF5A32D78A7D64715F6D93A49DBE73D21EABCD9A9D1E31D36A69D2F0E5BC6B58D295D759ED9F169D4FD5F9B1E0C54BD262F5A445A266B3DBA57BE27C25F41B71C60DB8E30D7C9BEBE9D27AFDD785D3BABBA4DA2B18671D2DB7599B65D6D58A77F6476EAF6FA3D26948ACDA6F31BED3DEB6DC7136E38B37A69619CE5844E78E083536B473CE69E4639D663507780D23E5B374FBE1E959AB1FC549BCCECCFF008E0F4F0F4FA5B7EB59F1ED878BD6D1F8BCBFAA3F6C35C2C34F76B92B3BAD1E6BE8F268D6B6907A5A25C3196DC67CD78CD3C7E4A8E9BE3ADB7D6B6E711298C758DD111CA21CF19A78FC13EBA78FC01D3A0E6F5D3C7E08F5B3C41D23976E78C80E89B4477C2B39A39B0016BDE648DCA4AF5DCCEAAB30AE8D255D1511A27442543434343404E8686868006800D31EF866D316F8E60EF01A47C8F5D47E2F27F67ED85B0A7AF63F156F18A7ED8460637969D556956756900BC2D12A44AF12A2F129D5109113A9A802754240402009694DCCDA53733AA8942D2AAA0848A00903EB71F5B800000698B7C73866D316F8E700EE01A47CBF5FC7E26678D2ACF0EE6FE90FFC8AFE8AFCE58E2637969D346B56556950690B42B0B428B25091048001A0021202257A4F6293B97A433BCAA65099842E2200500481EE3DC6BCCF74FC000F70035C3BE39C33D1A61DF1CC1DA0348F9DF4863EFEBFD38F9CB9F143ABD208FBEA7F4FFF0052E6C70C6F2D37A34AC33AB5A82D0BC2B12BC2842C8848890482048081202B2BD1595A8CEF2B8B4AAB4AAA800A009000004A006B87DA8E6C9AE1F6A01D80348F07D218FBDC7FA27E6E4C4EDF4823EF31FE99F9B8F131BCAB6AB5AB3AB4A8ABC2D0AC2F0A894A12090D1206A000002256A2B2BD23B19DE5713284CA17000540001284800801AE0F6A19C35C1ED403AC0691E2F5FC7F1E2E56F9C38B1BD2EBEC7AC63BFF002CCD67DFFE9E763637956B56B56756B515685910B68A2612884C0894A120000020095E9B9585E9B99D5C250B4C2AA204F923EB7A809F77C4FADE00797908002836E8FED4326BD1F788EA01A479FD771F73FDF5FF002F1F1CCC776BE31BDED75C7E4CFEAABC7C6C6F2B8D6B78E5CFB1B559434AC472E5D82B485A1485A01684A2216854012801F5DF29FAE006880505B1EE556C71D8CEAE2D284CA170409428681A000901024106BD1FDA64DBA3EF07480D238BADFF0026DCEBF378F8DECF5B7E4DB9D7F743C6C72CEF2B8DAABC290BD515A42D0AC2D0A2D009810D53A80275424040002F8F728B629EC675716942D28510122800000002044B5E8FBD8BA7A3D3BFC8C1B80D238FADFF0022DCEBFBA1E2E37D0F49C319296A4FFDA34D784F74BE7B62D8ED34B46931E53E30CEAE37AB48675695455E178561685129442D02090D00120A8424108757D9A237767C59F47C3333169DD1BBC5D6B0735B0CF3E4CE6B31DCED085700EE9AC708F247ABAF08F2215C43B3D5D7841EAEBC08571FD6E3476EC4708F24E842B8A31DA7BA57AF479EFEC75842B2A6088F19F16A0A800033CF82B9234B46BC27BE393401E6DFABA63D99D6384F64B29C17AEFACFCDEB8916BC7885E1EA4C44F72B38ABFCB1E442BCF84BBBD4D781EA6BC3E3241C5A27476FA9AF0F9918EBC208571E8B45267BA7C9D9111C1241CB5E8F3DFD8D6982B1E33E2D4220028000000000000000000000000000000000000000000000000000000000000000000000000000000000000000000000000000000000000000FFD9)
INSERT [dbo].[Product] ([Id], [Name], [Articul], [MinimalCost], [ProductTypeId], [WorkersCount], [WorkshopId], [Image]) VALUES (69, N'Полотенце 23М Ваниль', N'437519', CAST(3317.00 AS Decimal(18, 2)), 1, 1, 10, NULL)
INSERT [dbo].[Product] ([Id], [Name], [Articul], [MinimalCost], [ProductTypeId], [WorkersCount], [WorkshopId], [Image]) VALUES (70, N'Набор 8М Дыня', N'240580', CAST(7465.00 AS Decimal(18, 2)), 5, 5, 2, NULL)
INSERT [dbo].[Product] ([Id], [Name], [Articul], [MinimalCost], [ProductTypeId], [WorkersCount], [WorkshopId], [Image]) VALUES (71, N'Бумага 10М Клубника', N'275591', CAST(13600.00 AS Decimal(18, 2)), 2, 4, 8, 0xFFD8FFE000104A46494600010100000100010000FFDB0084000906070D0D0D0D0D0D0D0D0D0D0D0D0D0D0E0D0D0D0F0D0D0D0D1511161615111515181D2820181A251B1516213D2125292B2E2E2E171F3644332C37282D2E2B010A0A0A0D0D0D0F0D0D0E2B1915192B2B2D2D2B372B372D2B2B372D2D372B2B2B2D372B372B2B372B2B2B2B2B2B2B2B2B2B2B2B2B2B2B2B2B2B2B2B2B2B2B2B2BFFC000110800B1011C03012200021101031101FFC4001B00010101000301010000000000000000000001020304050706FFC40039100002010302030506030607000000000000010203041112210531510613416171228191A1B1C132527207233392E1F0141524424382D1FFC400160101010100000000000000000000000000000102FFC40017110101010100000000000000000000000000011141FFDA000C03010002110311003F00FB8000000400D90000000001320519200000000850000000800A0800000A00800A52140A52229050001400000200003020040001000000100000800A0800A0800A0646400192640A326750C814132001480A294C940D14CA34882A299281400000000803020000100004000101001D7BDBFA36EB556AB0A6BC353DDFA2E6FDC785DABED446CD3A54B13B86B7F154B3CB2BC65E5FDBF9DDD5C55AF373AF394E52E69B7F364D591F43B8EDCD8C1E13A93F38C563EB9251EDDD849E24EB53F39536D7C8F9D476E4B1E8893905C7D82C78ADBDCAD542B42AA5CD465ED2F58F3476BBC3E0B5AF1D192A909CA9CE3BC6706E324FD51F4CEC5F16BCBBB48D5BA828A7FC2ABF8655E1F9DC7C3D7C7A756A58FD6F7887787494DBF1C15C65D4A8ED3A865D63ADA1F563BB03B0AAF99AEF9755F13ADDD155203B51AD17E2BE2721D2EE91CD49B5B3DD7801CC080A3454CC940D2348C1A4068111482A65326800200042B200200008000202006799DA2E28ACEDA7576D7F829A7C9D47CBDCB77EE3D33E79FB49BC72AD46DD3DA10D4FF54DBFB457C42C7E5275655272AB36E539B6F2F77BBDDFAB351460E581969A8C0E3AF1D8B777D4E825AB3294B3A60B9BC737E4BCCF36A717D59CD3D2BAA96AFB2038A9D87F8BBEB4B579D156AE6AE3C294139CFD32A38F568FB4D14A314A2928A492496124B6491F2CEC3CE32BFA959FFC76EE0BD6735F681F4CA15535CC2576CED5BBD4B1E2BE874E2CE7B59626BCF6F8951DAD0140E671260A8E2D0349CD8269038F40713970300712668E9F15BFA76B0556AEAD0E4A198C5CB0DA6F74BD0BC3B88D1B986BA1514E29E1ECD4A2FA34F74076CA88528D151946901A45222900A8800A00020608008520020000808C033E59DBC6FF00CCA79E58A78F4EEE3FD4FA933E75FB4BB471AF46E12F6670517E528B7F66BE04AB1F958B3975E11D7C9272D88D3C4E23719BAA89BE50A6A3FA37FBEA374DE718DF3B616FB98E296EA6D496D38F292E9D1F547170DBCEE2B529CD6553AB4E6D73CA8C937F42A3F6DC22D6D2D6EE9D966A56E23560E55E309E8B6B4A6A3ABDBC7E29631B2F192E4B73F4FC426ED684EA41CA528A5A549ED96F1BEC7CFF00B28A4FB4F7739C9CBBCA3775A9CB9AA909D4A6E124FA6967EF3B4534ADDE7C65142A3C9ECA76B6B54BC56777A65DF397735231D3A6696743EA9A4FDFEA7EF7934FA1F0CAD71DCDE5BD68BDE957A553F96699F74641EB2DF0FA8316EF308FA23669060A400885400F23B51475D9575F962A7FCAD3FA64FC6762EB4A17EA31CE9AD4AA4269726E389464FD3DA5FF0073E857D47BDA3569E71DE539C33CF198B593C6E03D9EA566DD4D4EAD6945C5D46B4A516D36A2BC392F801EDA2A328D228D22A328D20348D2328D10000050102884291904000108001000043CAED1F0A8DEDB4E8BC6AFC506FC26BFBC7BCF54807C2EAD29D19CA8D44E338369A7B3233EABDA6ECBD1BF8EA5FBBAF15ECD44B9F94BA9F39E27C0EF2CDB55A949C172AB4D3941AF3E9EF2352BC7AD4F2742B5B1EAEB8BF1471C9293518FB527B28C565BF4488AEDF6017FAF50936F4DBD6952CFFB1EA8EA4BA26A4DE396D9E67D1EFB8652AF49C2AA728E54BF135BAE5C8FC37673835DD0BDB4B9A94E54296A9C1AA9ECCE6A70714B4F35ED38BDF1C8FA569CA6BAA0CD7C83B5BC36952A918D1824DC925CDEF93ECF0E493E7847E3AA766675AFA9D6ADA7B9A3355124F2EA493CC563C1670FDC7EB63203D4B57EC47DFF0053999D7B57EC23972691BC8C990054099236026CE23726719468A8C9501B4691946901A4691946880000052028818232010A40210A640004000132050D132503A95B865ACDE676F426FACA9424FE68B4AD6952FE1D2A74FF0044230FA23B4CE3981F9EED345E9535CE128C97AA793B94A6A518C97292525E8D64716A7AE0D791D1E0F53F76E93E74DEDE706F6FFCF819EABD06406A947325D16EFD00F4A83C471D36F92393275EDA594DF593672E4D23791A8C0C81AC8C99C8C814C8C90A2A348C9501B4691946901B45328D220A00000002118640040C8C010ACC802020148000299280671CD9B671CC0E9DDACA3C4A9174E7AE3B35F06BA33DCAE799731E64A38A5C62115ED4259E8B0D7C4EA55ED26368D1F7B9E3EC752F76C9E3559EE655F48E115DD4B7A551A49CD3961786EF1F23B993A3C223A6DADE3D28D3CFAE947711B46F24C996C640D6464C8451721170408A8D2328D20348DA308D20368D2308D05500100000640200202302118200642918004005040019C733919C5303AB58F3EE51E8D44752B4083F377F17B9E2D4A4F2CFD55D50C9E7CAD37E44C57EDADA38A705D2105F24729882C452E892F91726D95C02648D81A298C95202B046B0820348D2328D20348D2328D20348D2328A82B4085005200210A420842900CB21A664080A40202802028C01966248E5C18680EBCD1C152076E5138E5003CEA948E185BE64BD51E9CA998EE40E775A3D57C49DF47F32FA9C5DC85482397BE5E7F02AA9E4CC2A6724600694FC8D264513691442A45C1700122A411A4011A44469015150291540050000021AC108324344C0192346801821BC1300641AC0C01905C0C0108D1BC0C01C5A4CB81CDA4690383BB1DD9CFA46908E1EEC9DD9CFA4600E15034A2726918038F49706F030518C1706B03004C1522E0A90048D24446900282850140101410423000800006400000000000428020000000201005060A0080000C8000000151400AA8D004452A00AA00000000FFFD9)
INSERT [dbo].[Product] ([Id], [Name], [Articul], [MinimalCost], [ProductTypeId], [WorkersCount], [WorkshopId], [Image]) VALUES (72, N'Набор 41М Клубника', N'281425', CAST(9908.00 AS Decimal(18, 2)), 4, 4, 6, 0xFFD8FFE000104A46494600010100000100010000FFDB0084000906071012100F0F0F0F0F10100F0F0F0F100F100F0F100F0F0F1511161615111515181D2820181A251B151521312125292B2E2E2E171F3338332D37282D2E2B010A0A0A0D0D0D0E0D0D0F2D1915192B2D2B2D372B2D372D2B2D2B2B372B2B2B2B2B2B2B2D2D2B2B2B2B2B2D2B2B2B2B2B2B2B2B2B2B2B2B2B2B2B2B2B2B2B2B2BFFC000110800E100E103012200021101031101FFC4001B00010100030101010000000000000000000001020304050607FFC400371000020102030603070302070000000000000102031104213141516171819105A1F0122252B1C1D1F11332E1146206337292A2C2D2FFC4001501010100000000000000000000000000000001FFC400161101010100000000000000000000000000001101FFDA000C03010002110311003F00FDC014012C0A0080000014080A0080A0080A0080A0080A0080A0080A0080A0080A0080A0080A000000000000000040282002825CD752B25CF701B24ECAECD50C445EDB73392A5472D7B6C46051EA03CE8546B47D361D10C57C4BAA20E906309A7A3B99000000000000000000000000000000000000002148C012524B3791A6AE212D337E472CE6DEA06FAB88BFEDCB8ED39C962D8AA10A400500027B8DD0C535AE7E4CD2408F429D68BD1F466C3CB3642BC96DBADCC0F401CF4F1517AE4F8E86F4C82800000000000000002140021C2F1134DACB26F601DE0E058A9F0EC258893DB6E59083AEA564B9EE47254AEDF05B91AC58A214B601400850B90A00004220000282000D161394747D082E074D3C67C4ADC56874C269E8D33CCBA175B1B5C841EA83829E2A4B5F7BC99D34F1117B6DC1906E0400504000A46CD13C47C3DDE806E6EDA9C35ACE4DADA2526F37992E5831B1402A972DCC40465725C82C05B82585828000040088061988145C84601C897050162D82450008649019D3A925A3E9B0EBA155CAF96870391D5814AD2DF7F2B7E40EA00106BC425ECB6F626FB1E561F1D19E5FB65B9EDE5BCF5715FB27FE997C8F92943D6D03E82E0F1B0F8E94327EF4776D47A7431309FED7D36946E202D8A00A400000A000080A40212E1B211002C00364284805858B60C097054830046C864914123B707A3E7F4472C20DBB2D4EEA54FD956EADEF64D19800830AF0BC64B7A68F9AC561A5076927C3F27D418D5A5192B492680F917E9ED3071B66B2E28F5F1DE16D5E50CD6EDABEE798D5B87C981BF0BE22E3954CD7C5B4F56134D5D3BA3C171FC6C146BCE9BF7735B62CAAFA0073E131919AC9D9ED8BD4E82A216C0000520108CACC4808A0010583005B0088D8158488915BEE01B31B15232480891953836ED1EAF6233A545CB82DAFE88EC8412564AC8094A9A8AB2EAF7B33008000005222803871DE1F19A6D652F2973FB9DC00F9174FF1B7A6F27B27A58BA4A35ACD652775D7F932AD845AAD0A3C795269DD3B35B51D786F126BDDA9FEE339D139EA51BFD80F6A124D5D3BA66478142BCE93CB38ED8BFA1EC61B151A8AF17CD6D03730D82144002203018000588C0A2C123194B62D7E40594B62D7E444BF3BC895B4EFBCCE28A2C5192CF4D37FD8895F25A6D7BCD806787693B6C7F33A8E06CECA152EB8AC9934660A0821400222911400000F17C732A949EF525D9AFF00D1D14A5749F0347F8897F932DD3947BABFFD460E5EEDB71706EA9453D3B1C75289DE996514FEE15E354A7F938E50945FB50767E4CF6AB51F5BCE2AD4BB018E1BC5B65556D3DED5753D48493574EEB99E055A5D7E66BA3889D37EEBBC7E17A7F011F4A0E2C1788C2A65A4B733B00005288122D88E5B16A0493D8B531E5D5EF17DDD5EF080B146C59E4B4DAF7F035ADDB3CD9B1D4B700367231948D2EA5FD589981B1CBD337E05E72E48E3B1D58079BE5F520EE00100000445222800001C1E374BDAA327B60D4FA2D7CAE79F829676DE91EED48269C5E8D34F9347CED0F76493D978BE9901E9846BFD55E90FD58946ED7539EB50DA8CFF005571EC55557103C9C451B668E29ADF933DDC442324ECECFC8F22693E3F46070D4A7B747BCEAC278ACE1EECF35BF6984E2D715F4F5E91A6704F4EDEB420FA3C3E2633574FA1BCF928B941DE2DAB6CBD8F6B03E20E768B59EFFBAD85A3D16F62D4C5EE5D5EF237B1757BC22821261C8C13033485905CFB0C805CB6613DC3D6F01ECA3AF01ACBA7D4E5B7A675E023FB9EFB2EDF920EB001000004452228000003C1F1185AABE2D4BBEBE773DE3C9F1A86717BD35D9FF20687D09D89D8A8A2F545B71F227716E61492F563CDAD4DA936B6EAB79E8B5C3CCC254F87CC2381AFC1AA7453CD64CF4FF496D39EBE1DACD66BCD01C0D2D25DFD7E391DDE174ACDBDDB4D2D27AF4676F87D2B2680EB4494892918DCA29628C519A03248A888CBD6D0217D6E2A5EB242DC40247760FF006F56715B99DB84FDB6DCC9A37800800002229114000001C1E310BD3BFC324FA356FB1DE68C6C2F4E6BFB5BED981E3AEC64ADC588472C8C944A265B9F745BF02FB3CBB9544A25FD66C8FA7633F6571F20E3EB220D6CC4CDA306068AB874F35D56C3752F755812E0640972819246C48C232EBCB337C29C9E907D720225EAC656E2FB9B63869FF6AEAD9B2384DF27D124073FB3C88E496DF923B238586EBF36D9B234E2B48A5D10A3CF52BE89BE499D7834F3BA6B4B26AC740000020000088A4450000000003C8A74ACADF0B71ECEC66A074D5C1B726D4924DDF4BE7B7E463FD13F8FFE3FC9469F67D5CA91D0B06BE293EC64B090DCDF36C51CB7461292DE77AC3C3E15F333504B449724851E5357D2327D18FE9AA3D20FAB4BEA7AE051E5C7C3EA3D5C5756CD91F0BDF37D1247A20838E3E1D4D6BED3E6FEC6E86160B4847B5CDC0089140000000000000000000000222911400000000010A400000000000002A010000000000000000000000000000002228000000000008000000000000001400000000000000000000000000000007FFFD9)
INSERT [dbo].[Product] ([Id], [Name], [Articul], [MinimalCost], [ProductTypeId], [WorkersCount], [WorkshopId], [Image]) VALUES (73, N'Набор 10М Ваниль', N'261465', CAST(13028.00 AS Decimal(18, 2)), 4, 5, 3, 0xFFD8FFE000104A46494600010100000100010000FFDB00840009060712121210101010121010150F101012121012101515150F1515161615121515181D2820181A251D151521312125292B2E2E2E171F3338332D37282D2E2B010A0A0A0D0D0D0E0D0D0F2B191F192B2B2B2B2B2B2B2B2B2B2B2B2B2B2B2B2B2B2B2B2B2B2B2B2B2B2B2B2B2B2B2B2B2B2B2B2B2B2B2B2B2B2B2B2B2B2B2B2B2BFFC000110800E100E103012200021101031101FFC4001B00010003010101010000000000000000000002030401050607FFC4003D10010002010104050709070500000000000001020311042131610541517191121452A1B1B2D113233233727381C1F0152242626382A2244392E1F1FFC4001501010100000000000000000000000000000001FFC40014110100000000000000000000000000000000FFDA000C03010002110311003F00FDC000000000000000000000000000000000000000000000000000000000000000000000000000000000000000000000000000000000072674E3BBBD0B6D148E37AFFCA0160CF3B6E3F4EBE28CF48E2F4E3C27E00D431FED3C5E97F8DBE07ED3C5E97F8DBE00D832474962F4FD56F8251B7E29FF0072BF8EE06915D768A4F0BD67FBA16000000000000000000000000CDD279FE4F165C91C6B4B5BC201DDA36DC74DD6B6FEC8DF2C397A6BD1A7E369FCA1E0E1DA696DF168D7AF5E2BE2146CC9D2B96784C57BA3E2A6FB55E78E4B78CAAF20F200D75E7DE5AF11C6623BF7251563CDD1DE55A6FE54EB3DBBFC3B01779D53D2F549E735E7E0AABB0CC75C2CF369E404E789EA9F5233B4D79ACAECCAEFB06BFC4084EDD8FD288EF5D59D77C6F867B743E39FA5ADBBE7E0D94C31588888D223744402B9822D31C2663BA6616F90E79009E3E90CB5E192D3DFA4FB5AF174E5A3E9D62DDDBA74618C5C91BD3407D5E1CB17AC5ABC263584D87A167E66BDF7F7A5B90000000000000000187A763FD3ED1F7393DD96E65E96AEB833C7F4727BB20FCEF668FC1EAECD926234D773CAD8E783D3D9EF13BA78F6FEBAD46EC57ED5F59ACF6B3E3AAFAA09691DA9C632AB2010F924BE479AC884814C60E679BF35E029F378ED976367AFEA56B80AE71C47523B964A16057664DA384B55EDD4CD9B803DCE81FA8A77DFDE97A0F3FA0BEA31FF007FBF67A0000000000000000028DBA35C7923FA778FF195EAB698D6978FE4B47AA41F9CECD4E131DEF430D75E73D9D6F3762B707A38AFDBBF4D3F2FD7E0A36E18E5EBDCD15867C77E3CBF5F9B4D27F2F5F04165564214985900942468E838E84C80E49E5393780711984BCA426C085A1936886AB6AC7B4C83E83A1634C38FBADEF4B731742FD463EE9F6CB680000000000000000E5A35898E5A3A03F32D93A9E963979DB3C3D1C52A35E39868A69C146398FF00D69A78A0B344EB572B29C02510EC47373C520221DF279C1A723C90734260FC3D60228D939846C0A6F2C7B435DD93383E8BA223E6717D886C65E8BFA9C7F621A80000000000000000001F9BE2E368FE69F6B760962AC7EF5FEDDA3D6D98FA946CA434514E3FD762FACCF620B6166F46B6D5389076B3CD37225D034E6E6FEDF6246A0E23A4A7AB808F93CD19859285A414E4863DA2776910D9919335777C01F45D17F538BEEEBEC6A51B07D562FBBA7B21780000000000000000003F399AFEFE49EAF94BFBD2D9867C196F3A64C9F797D63FBE5AB128D74DDCDA6B31CE39F533E2F168A7820BA9DEB15517540884B434740000001C9466529846623B4155A5973CF6356464CC0FA4D87EAF17DDD3DD85EAB648FDCC71FC95F642D00000000000000000007E799B766CD59E1F2B9349EBFA72D15F157B663F9ECDF7D93DE95B8A8A356269C6CB489868A4F241A2B65D5967A59756DC81644BAE3A03BAB8EE80E1A86A08DA50B256946414DA59B34E912D57865CF1BA41F51B3FD1AFD9AFB16238E34888E51EC480000000000000000001F1BD37B0DF1E5BDF4D697B4DE279CF189F5B3E1BF6BEE6D5898D26358EC9795B5740E3B6FA7CDCF646FAF87503C5A5FF005F8E8D344B2F4464AF57951DB5F87157F236AF1ACF54784EA0D18F9C2DAC335674D38EBBD756D3ECFF00B05D10EAB8B25E5027A1A21E5BB1704B471CD5C9027442D64A31CCEE88D5763E8FB4F1D2BDFBFD40C39253D8B639C97899FA113ACF3D3F863B5EA62E8EA46FB6B6EFDD1E11F9B5D634DD1C01D0000000000000000000000007263B5D0154ECF4F463F0DDEC46764A767AE5780CFE675E7E2EF9AD79FABE0BC051E6B5E679A579AF01579B57B3D7295715638563C21300000000000000000000000000000000000000000000000000000000000000000000000000000000000000000000000000000000000000000000000000000000000000000000000000000000001FFFD9)
INSERT [dbo].[Product] ([Id], [Name], [Articul], [MinimalCost], [ProductTypeId], [WorkersCount], [WorkshopId], [Image]) VALUES (74, N'Полотенце 17М Бриз', N'309067', CAST(13825.00 AS Decimal(18, 2)), 2, 1, 6, 0xFFD8FFE000104A46494600010100000100010000FFDB0084000906070F0D0F0D0D0F0D0D0D0D0D0D0D0D0D0D0D0D0F0D0D0D0D1511161615111515181D2820181A251B151521312125292B2E2E2E171F3338332D37282D2E2B010A0A0A0E0D0E0E0F0F152B1915192D2B2D2B2B2B2B2B2B2D372D2D2B2B2B2D2B2B2B372D2D372B2B2B2B2D2D2B2B2D2B2B2B2B2B2B2B2B2B2B2B2B2B2B2B2B2BFFC000110800BF010703012200021101031101FFC4001B00010101000301010000000000000000000100020304050607FFC4003310000202010106030703040300000000000001021103040512213141516191A1132232526271811442920615B1D1A2C1F1FFC400160101010100000000000000000000000000000102FFC400191101010101010100000000000000000000001101122131FFDA000C03010002110311003F00FDA525D9791A49765E462C530354BB2F21A5D919B1034464AC0D590595809599B20344644042C0AC0482CAC048CD90090100858158080100D8581008059580D858361602CC499AB31203866C4C64203BA99AB30680D5958101A2B02012B02B01B2B0B201B202B01B2020120001B20B202B20B22842C2CAC81B0B0201B0B0001B0B0201B00B201091030387210CD085765082468221020120201202012020120201238FDA2E4F81B4C06C080A1020012000120202202020100022220804008868A80C3446E840E5A212002220222001202010220138F34E95753529526DF43CF591B6DBEAC0E7E630F72CC2905DF522BB30CB7CCE43AE99B8B2D1C841BC365404200444004C888081910111001110800910091101CA4404111158101101101009118CD937537E4075B5992FDD5D39FDCEA5D0659DF5381B645763DA74EA6A36B8B3AEA6A3CB9F70F6DE415DE8E5E88DAC87423991B59501DF590DA99E7ACC91A5A8EC11E86F1A53479DEDC1EA4A47A6479D1D5347670EAE32E0DD3F4151CE020CA2010022020120102102B0113362072903020482C2C048CD9581A20B2B0194924DBE0971678DABD6EFB75C8ED6B351BCB7575E67992C7445C1BE1BCC9B45688A1033568B80194C62C6D05A28779929870EE54BB80A9B1DF0490EE816FF00806F33691A5103974DAC94383F7A3DBAFE0F4F1658CD5A7F8EA8F21633714D714E9F745A91EB833A98B57D25E68ECC669F26995088000958100D958101AB20B2039802C2C8A6C0AC2C06C2C2C2C0DD89C766679B7423CBD46AA69B6DF3BE5C0EA3DA9E2766D4DB4FA3E4625B353E346371AC74E7B49764FF0008E27B463F2C7C91DE96CA5D919FED4BB23316BCF96B62F92463F5D5D11EA3D9317D0D4366C7B22F25798B5E9FED5E45FAB5F2AF53D75B362BA236B411ECBC8725790B570F9579BFF66E3AA87CBFF267A8F65C1FED4625B221D873A57571EA313E8FF91CAB518BEAFE487FB2C7A59B5B1E3DBD589A78CAD462FABF9236B518FBCBCD1B8EC8876F53916CA8F62CD4F1C6B2E3EEFD0D7B5C7DDF99CAB66C57438F369F143E2AFB75134F0E2D4E1BF7AD78B7C3F27A118C79C52A7C9AEABEE7CFE6CF857285FE691DBD8BA8DE94A0954145BAB6D5DA359A9AF580981A42466C404408048AC00E5B06C18591558360D99B03561665B0DE03767165E2366581E6EAA3B8F7D7E7EDDCECE9B3DAE67267C5BC8F2A1278E5BBD1FC3E1E0457B1BCC778E1C593791BB20DEF15991406948D26611A451A4691C1933C23F1492FC9D59ED7C6B95BF1147A6989E1E5DB9F2C57E789D1CFB5724BF752F0E04E88FA996451E2DA4977679FA9DB308F082DE7DDF047CD4F54FACBD4EA4F5A9BA8A739768ABFFC2523DCCDB5B24AFDE6978703A19B557C5BBFBB3AF8345A9CDD1634FBFBCCF534BFD35174F249CDFD4F879721356BC87AC4DD414A6FE857EA7B3B0A59549B963DD8B8D2B7C799EAE0D9B8F1F28A5F83B31C691ACC4DD6E2CD0223488530208D0810091101A6CCB64CCB22A6CCD9332C05996C9B32D815858333606D48E8ED0C169FA1DBB29AB540797A3D43E4F849706BBF89E9C7346ADB4BEEE8F1B5D8DE396FC79AE6BBAEC6336653C6A517D7C8C7C58F6A5ABC6BF7AF33865B4F12EAFC8F9C9CDF7F538DCC9D2C7BB9F6D7CB1AF16EFD0E8E5DA9925C379FF83CC96548E15A9DE7508CA6FE84DAF3E43D23BD2CEDF36714B2F8962D9FA8C9CA2B1AFAB8B3D1D37F4D27C7249CFC1BF77C8BC95E47EAD37504E6FB4159D8C1A0D4E5E5158D7D5EF33EA74BB3B1624928A55E076E292E85E52BE7B4BFD331E796729BECDF0F23D8D3ECCC58D2DD825F83B765669146297246ACCD9581AB0B02086C6CC880D8A664501AB14CC881A204404CCB62CCB0A0CB106065996CD19640332C4194428040EB6B315A3E7B3DE2936A2DA97094526EFC7EE7D535663D847B13716BE5161CD3F871357D64D457FB39F1EC3CB3F8F26EAED05FF6CFA78E34BA1AA1CE15E2E0D818A3C64B7DF79372FF0027A58B4708728AF23B143454118A5D0D22A2A0110201202021010884042A420204242048D2042804891046599669996456404185659936CC8192A3454118A1A1A1A28C90D0D0008D1500090A0222100212022120808840891105244480448900A3408500A222030C19A6648320D1A00334146880C851A6406686884A33434240042211912100221022220102B001222021010242162148A04280D214651AB01444407FFFD9)
INSERT [dbo].[Product] ([Id], [Name], [Articul], [MinimalCost], [ProductTypeId], [WorkersCount], [WorkshopId], [Image]) VALUES (75, N'Полотенце 27М Ваниль', N'278463', CAST(3978.00 AS Decimal(18, 2)), 2, 3, 5, 0xFFD8FFE000104A46494600010100000100010000FFDB00840009060712121015121012151615151715161517151515171515151515171615121515181D2820181A251D151521312125292B2E2E2E171F3338332D37282D2E2B010A0A0A0D0D0E0E0D0D0F2E191519372B2B2B2B372B2B2B2B2B2B2B2B2B2B2B2B2B2B2B2B2B2B2B2B2B2B2B2B2B2B2B2B2B2B2B2B2B2B2B2B2B2B2B2B2B2B2B2BFFC000110800E100E103012200021101031101FFC4001B00010003010101010000000000000000000001020305040607FFC4003710000201010407060406020300000000000001021103041251052131416171913281B1C1D1F0132242A106526272E1F182D223B2C2FFC400160101010100000000000000000000000000000102FFC40014110100000000000000000000000000000000FFDA000C03010002110311003F00FDC4000000000000000000000000000000000000000000000000000000000005711152ADF0214FF4B036408892000000A32E66DEBD804D49C466E4FF002B26BC00B365A2CC9CB832F07C2805C00000005644133E45317002CA44E2289F00E5FA58174CB1927C3BCD40000010C9218150A5EFA95AF00E4FF2817ABF7FD8229C3DF4005C0000000000000000000000000292B48ADAD2EF02E0C257B82DFD133395FE3B937D00F583C12BFBDD15DEEA652BDDA3DE9725EA07501CA8DE6D3F37D91E9B1BEFE65DEBD00F60213AEC24000000000000000000000021B188090454F2DF6FAA1A96B9787303D4DD36994AF505F52EB5F03896B6B293AC9D7C3B8CE80771DF63BAAF923395FB28F56722326B61E9B1B64F53DBF603D72BE4F7248CE56F37F53FB20A2280672ABDADF52301AD02406780951340053096A16489A045309184D682814B0B571E597A1EF8C9355478285EC2D30BE0F6F0E207B41188900086C2604800000000000AC88A1338D4ABB2E2C0CAF56D8235DEF52DBB4E34A55AEBDB5AF135D213ACDA4F52D5EACF3610346F574EFD454AE12D5000003D376B6FA5F77A1E9A1CD67BAED698A3AF6AD4FD40D3D58F7E3AC7C30ECB8812BDFBEBD42F7F7D643B3E23E171026259051240505000228432CC870D607A2C2555C8BD0F2D94292DAF59EAF87C409A1312BF0B8B2D0853F902C000000000000676F69862DE48D0F16959D2CE99B4BCFC80E400002150FA25B4F98D25F8B9424E3630524BEA93D4F9203E9C1F39A2BF1642D24A16D1C0DEA524EB16F2791F4600BD85A61927BB63E4FDFD8A0680EB241231B9DA6282AED5A9F76FE947DE6C0282805401352B5150253152B515026A2A56A4540B5723DF1755539B53DB749563C80D800000000000015C43101639BA61F6573F23A48E5E98DB1E4FC501CF080038BF8A6F6E162A117AED36FEDDE7C4CE07D3FE2975B54B28AFBFF472A3778D1552AB4DAF9A989D69ADEE2A38D381F6DF8434A3B4B3765375959EC6F6B8FF0007CDDA5D1524DB51A35A9B7AB9BA7437D0B19595E212AADA94A29EBC32D5AFAA28FBE60B28EBA15A1956D709D26E39A4FBD6A7E2BA1EFA9C853C3383FD547CA4A8756A04D4364548A812D90D90DE440166C8A956FDEE21B02D522A4321B02D53D1709EB6BDEA3C8D9ADD6549AE8074C0218120A5592A405815C5EF5FA00298D11F1171362280227334C2D71EFF0023A873B4C2D517C5FDD7F007300007CCE9F87FCDDCBCCE6CB62AC53493DB5CEA7D0699B0AC93EE3952BB951E0B4ABAD526A54CE8A9B28633B496B69252D5596F7BD70DC8F7CEEE633BB951F6D636D549F0AFBD6594AA67758FC8B8235465A637AECBEEF13AD673AA4F349F539578ECBE47B347CEB651E155D181EAA91521B21B084A455DA12405555A2F7FD8F8A2A45407C4DC8B36550025B254A8D328C303B8990CCEED2AC17235032C6B891F1171360053AFDFD4170000000F2694856CDF069F9799EB296B0C516B34D01F3C0003CD7CB2AA3C32BB9D66AA8C1452D4F66E7EA51CA9DDCCE176F99733B33B05B7550A58592AD7778FF011E9B38D150B2008ACAF1D97EF79AE8997C8D64FC518DE9FCBD0BE89FA972F303A0D90D92C86110D95A92C30AA8258021044A080804A200E968F97C9C9BF5F33D4787464BB4B933DC00000000000004362A44C84071F48D961B4793D7D76FDCF31D6BFD9628D56D59E5BD1CBE5C7F802A4345A54A74F05B08033F811FCA8D120000000C2F29D3667534D1ABE67CBCD11349B75A51569AF61BDD7B4B66C6BC40F532196F7EFEE171E1E65451865A83090518A176B799CAD22B7A0A948948C9DE23C4BD849CE4924B7D5E4B501241D28DDA2B71A46296C4078EE116A5569D2991D12951002E000000000002B34F732AE2F3340066A2F338B7EBB384B56C7B3CD1DE33B7B2538E17FD7103E7522C6978B070747DCF733300054002B264B6612B5D6059236BAF6B6E6795DB19CAF2B303B12B58AFA978994AF791E0842D25D9B39BFF174EACF44345DBCBE98C7F7497FE6A068EFAF753C4CA77B967D0F54340C9F6AD17F8C7CDB3D367A0AC9769CA5CE54FF00AD00E34EF19B28ADABD94DF24DF81F4D65A3ACA3B2CE3DEAAFAB3D2953601F3D75D1D6B3D6D6059CB6F747D4ED5DEECA0A91D9BF37C59E8006781E630BCCD0019E19665A117BDD4B0000000000000000000000296B64A4A92554732DF4635D875593DA75801C07759AFA644AB95A6E83EA9789DE007CFBD0F6D3ED4A11592AC9F7EC36B3FC3D1FAED24F9512F33B400E7D9E86B05F457F736FECDD0F65958423D98C57249781A00000000000000000000000000000000002311188AD566312CD01A2044592000000AE22C66DF102D889C466E4B326AB302CE44A653171260C0B80000000AC98C426CAE259816C44E2334D664D56605948B19E2E26800000086490C0AE22548AE25991896605F1022BEFDA200B60590F86B2399676B79FAA2BB947FD8B7C5BC7E5FB47D40E983CD7195A38BF8AA8EAE9B366AA799E900000046144802B816486059160057E1AC894A9B090000000000434460591600570AC8605916005541645800000000002B8164302C8B0000000000000000000000000000000000000000000000000000000000000000003FFD9)
INSERT [dbo].[Product] ([Id], [Name], [Articul], [MinimalCost], [ProductTypeId], [WorkersCount], [WorkshopId], [Image]) VALUES (76, N'Полотенце 50М Ваниль', N'310212', CAST(13204.00 AS Decimal(18, 2)), 1, 1, 10, 0xFFD8FFE000104A46494600010100000100010000FFDB00840009060710101010100F100F150F1515100F0F15151515151515151515161615151515181D2820181A251B151521312125292B2E2E2E171F3338332D37282D2E2B010A0A0A0E0D0E170F10152D1D171D2B2D2D2B2D2D2D2D2B2B2D2D2B2D2B2D2D2D2B2D2D2D2B2D2D2D2D2D2B2D2B2D2D2D2D372B2D2D2D2D2D2D2D2B2B2B2D2B2BFFC000110800A8012C03012200021101031101FFC4001C0000020301010101000000000000000000010200030405060708FFC40038100002020101050505060603010000000000010211030405122131712241618191061351B1C12332425272A1076282D1E1F01492A233FFC4001801010101010100000000000000000000000001020304FFC4002111010100020203010003010000000000000001021121310312514113226132FFDA000C03010002110311003F00EC6DBC71F73A69A7DA5A9CDBDE2F7387ED234E99F07D4E27B51371C329DF0C79B0656BF964F766FD0EE69713F750CABEECAD749452B5E8D1AC67F6B5CF2E7C71268AA51346E0D8F0393F0EF355C672E066D3EE64551B4DDA5E3F046BDA1A09F672AC73BEF928B4E9F7BA3B9A48D49D2AEEF1F536C5B471CF3FC7A7C7859DBC7E393AE327E74FE68EAE874C954DD5F752A3D6E833C67D8C8A2FF2B693F2766B9ECEC0F83C705D3B3F2A378DDCECCB19F1E3B3329D0E9F7F2255D7A779EB337B3F865C9CE3D1A7F342E97612C49EECEDBE6DAAF2E031C79E7A672DC9C76A588CD73D0E45DC9F46513C335CE325E4CF46E5797D6CEE2925840046400480D9001B0092C164B00D92C0C1614D64B16C9610D64B16C96016C362586C8A2D8AD8181B00D81B15B036046C56C0D8AD904932B6C6932B6C28498816C46647276A69239632C73FB99612C137F0DE5D97E4CC5EC46D993D2CF4D955E4849426BBD4B1B6AD755C4ED4F129C5C5F27C0F13AC6F47ABF7D2E10938E2CD5C93E58E6FF964B875AF8932DCE63AF8EF78D7D0F1E33442348E76CCD629452BFD2FE8744E7E4CF7D37E3F1FAF6AB4B2ED33559CED2CBB6CDE99C72AED8AC8CAB89DED3E6DF8A977F7F53CF59D1D9797EF47CD1AF1E5CE9729C3AAA436F9994C7533BB1A5EA432651BC329045928465CE29F548A25A1C4FF000D746D162636F17697197F18E7B2A3DD292EBC4A27B2A7DCE2FD51D3DE0EF17DAB37C78B893D0655F81F95328945AE69AEBC0F46A61724F83AF32FB317C5F2BCD02CEC6B367C64AE0AA5F0EE7FD8E3C95707CCB2EDCF2C6E3DA582C0D90AC98160B25806C160B2006C962D92C02D8AD91B15B00B62B606C56C80B623646C56C2A3623646C56C803623616C4B25518A306DDD8EB538DD24E74E34F94E2F9C5FD0DB091A71335C6AED9E7734F9DEC7D7CF493F719DC9E2BDDC739738B5F827F06BB9F7D1EEB49B4552537C1F297F7FEE66DB5B171EA53B494DAA6EAD497C24BEBCCF39A6C5A8D1CF732293C2F82E6F77C632EF5E1CCF25E5ED9F2BD760CF08CF8B8F1BA6DAE3D0E8277F43E21ED56D6C99F238D6E6E4A514E2DA6E9D5B67A0FE1B7B4F35923A3CF2728CAFDCCDBB6A4B8EEBEBC7898D5BCBA4D74FA922FD1CEA6BD3D4CC8783E29925D55765CB8854CCB39F10AC87A76E6D6A632C8645907DF28D6A632919239065309A6A520A91994C6530346F0778A37C8E40694CE66D4C1F8D7497D19B14C93A9269F27C1965D33963B9A7058A34E34DA7DD684B3ABC8364B058006B0360B05806C962B60B228B62B646C56C02D8AD81B15B00B62B646C46C82362B646C56C00D89616C5B32D31C7506DD266BB38C99BF65F397F4FD4E59677D6BAE18CF68E9A678CFE26ED270C78B045D39B7924D73A8D57EEFF0063D8C59F33FE234DCB575DD1C704BCEDBF99E7B7A7AB19CBC764937CDBF3E22E9F2CB14E1922FB50947247AC5DAF90D22A91D712BF45E9F2A9C6325CA4949746ACB4C5B29560C2BE18F1AF48A361CAF635CA40522A72E0BA20A91E8617298CA667521948A346F8CB219B783BC06C5902B219233194CBB46B590694CC8A637BC034398FBE65721F148A8C9AE5DBBF8A4CCD66AD7777998DB3A4E9E5CE6B2A364B0581B2B0360B0582C02D82C0D82C28D88D85B15811B15B2362B6411B15B2362B6151B15B2362B200D8AC2C532AE3A674765BFBDE5F539699D0D953FBFF00D3F53CF9F4EF87FD3A7167CDBDBA85EB27FA71BFD8FA17BCAB3C47B7382F263CBF9A3BAFAC5FF938E4F4E1755E273E3A13060DF9C61F9A5187FD9A5F53565474BD90D0FBDD662B5D987DACBFA7EEFF00EB74DE15ACA3EC985A4925C92497916B7C19930334679541BF025616A9705D17C82994C1F05D10F167A185A986322BB22B02DB0D9529780CA450FBC1DE2BB0A64166F0D1653BC3C645459BE3C26528306059AD7704FBD3F9982CDB95DC24BCD182CED8F4F37967F61B258B64B2B98D82C160B00B606C160B02360606C0D90462B646C56C08D8AC8D819141B15B0B159141B0591B16C8AE26F1A364E5EDE45E117E8FFC98A5206CFCB59978A71FAFD0E166E575C6EB28EE4E460DA9A259F1B8FE25DA8F535C98C8E5ADCD3BCBABB7CFF53B1B2B6A31C326DBAE5492F8BB3D57B33B23FE3424E5FF00D675BDE09725F33ABE43C4638E9BCB3B5D0D3BE459AD9F652F8B28D3BE467DA59FB4A29F245FD67F1D38CBB31E8BE415233427D98F45F22C8CD1DD868DE0A914EF0CA405CA44DE2B52236545BBC3C6467521A320ABC28AD322611646436F77950578945D2AA68C0D9AE4ACC4CE9838797F06C160B0334E43606C1606C0360B0582C80B62B646C56C28B62B6415B209606C160B22A362B0B62B6401B036462D915E7E4CCB926E2D49734D3F4669919B3A312356BD0C669C549726935E632672B636AB87BB7CD718F8AEF474CE394D5D3D18E5ED36B10C8AD32C41A6BC73518DBEE3953C9BCDB7DE5BACD470DD5E665832C896BB89F05E43265561523A2342632652A43A6545A985B2B4C7DE28961522B6C29905EA41B2A4C29945AA433919EC7B08D50998F27365B16539B99D31AE5E4E8B60B0582CDB88D81B0582C80B60B0582C0362B646C50A362B64B03208C0C0022A362B23159151B05918A41C0653911731248CB558D37169A74D71476B47B46325526A32F1E4FA3391388946AE332631CEE3D3D429AF8AF52ACDAB5CA3EA79DA25189E29F5D2F9EFC762CB31BE2BAA38945BA45F690FD51F99AFE367F9BFC7AF680996CB988E2634F46D148B613334A21801B13094C645899A41648B2322440E98D1150D1287A0A440A0878956A9727E45A995EA3EEFA32CBCA67378D66B0581B059D5E610581B0300B05800C28D82C1606C82582C960B22A360B001B02362B646C56C8A8C1646C520E1B158E2B32D29C88AE8BE48AA8DC73A5A250D41A2B25A3468A3F698FF00547E68AD2346CF5F6B8FF52F9859DBD4CDF10241A0A4737AD1449EEC645914415AC636E96A480D1741504941A08814C890E900D16102410A0D8323B4C7656D10BD32581B2316CEEF28D82C160B00D82C960B02581B0582C8082C00228B62B646C56C82360B258AD9152C046C520E3B05048C8D15A2A68B8AE48D466948109A6111A742BED21D519D2366823DB8FF00BDC171EE3D1C243A68CB0916C4E72BD4B5C577302644891E603C58F618E2649C28D2210916B9866D5735EA868DA2631529C6B8B5FEF41A3A882E6FD09AA9ED3EAD432450F571EEB0FF00CD5F97F71EB4F7C7EB4288540C6F5AFB97A8B2D6CB8F2F0F02FAD4FE484D4C6A4D79FA94B6365CAE4ED95D9B8E37B3582C00B2A0D82C0020360B05808A360B002C08D8191B16C82303646C5B22A3602362907288420690492210B19A50A4421A6564226CD3765A74021623743532F0F42C5A99FC7F64421B98CF8973CBE996A27F10ACB2F8BF52106A27B5FA69659376DBB02910801B25848044C3602101B0D908160D82C84234960B010096009081496421142C5B21001640108002C840A0D8AC842056C1642107FFD9)
INSERT [dbo].[Product] ([Id], [Name], [Articul], [MinimalCost], [ProductTypeId], [WorkersCount], [WorkshopId], [Image]) VALUES (77, N'Набор 20М Бриз', N'377042', CAST(9227.00 AS Decimal(18, 2)), 5, 5, 9, 0xFFD8FFE000104A46494600010100000100010000FFDB0084000906071213101512121015151015180F171512151010121515171515161715121517181D2820181A251D151521312125292B2E2E2E171F3338332C37282D2E2B010A0A0A0E0D0E171010172D1D1D1D2D372D2D2B2B2D2D2D2D2D2D2D37372D2D2B2B2D2D2D372D2D2B2D2D2D2D2D2B2B2D2D2D2D2D372B2D2B2D2B2D372D2D2D2DFFC000110800C2010303012200021101031101FFC4001C0001000203010101000000000000000000000102030405060708FFC40033100100020003040804060301000000000000010203041121314151050612617191B1F02281C1E107132332A1D142527262FFC4001801010003010000000000000000000000000001020304FFC4001F1101010101000202030100000000000000000102110341132131516112FFDA000C03010002110311003F00FB8800226D104CB1C4ED0650000000000575905856279AC000000000022652C77B7902F129457724000000005667902C29ACF15E0000045A532C5ACFD8095EB52B5D16000000000056DBE0D9C5368566780133B16822120000000031DADB40B4EBE09A54AD57000000000045B723D1698535D378113CBEC9A4158580000445520000000000000000000000000089AA40000000000000000000000000000000062C7C78AC6DF2685F3B36E3A4728535B91699B5D399225C9ED2D5B29F2FF16F8DD51A78198E7B9B712D33A9A52CE24059000000000000000000000000000000000000031E631A2959B4F0F7A3238BD62CC6915A7CE7D23EAAEAF2753276B4B13333699B4EDD7F85B0F11CFA5F6B3D71784B96B76FD2FDFB59AB2D1A626AD8A59036A259B0B1663C39356B2C8996C2C74B0F122772EE656FA6DD5B9838FAEFD92DF1E4EFE596B1C6701AA800000000000000000000001120000122B3BC0D67926251C3545BC01779CEB157F523FE63D65E8DCBE9CCA4DA22F1BEBAEBE1CD4DCEC5B37EDE67564C3B71FE54B55112E6AD9B94B7C99E988D1C3BB35711096FC5D9AB76852ECF17F0D01B5331EFD19625AD4B7BDBE72CB59F7B043730733C25B513AB99EF7B260E2E9E0D71E4E7D55358FD3A029878B13BBC976F2F5900ADD2133C88B7382211AFCC171154800000000A5ADC200BD8C38D8AD61922012000ADA38AC0293A2D1068901129531241E7FA6323159ED57F6CEF8E53FD38F2EFF49CCCC387AF0E3EF6B0DE7DC6B8D2913E7E4CB5B6D8F561B113A325DBB5B4FCBDED66A627BF7E8D1AE232D2C84B7B0F119EB88D0A62E8CF857F7AA06EC596D76B056DEF565ED83256F313B1B98398D764EFE7C1A09D57CEEC56E65759168686167AB5D96B469FF50DDC3C5ADA35ACC4C7389D5D39D4D31B384CF3DE9884E89590000000000ADACAD6355AD5D5680444240000000000056F0B00E766F07579FCF65A62758DEF598947333997D55B12F3B49D7BB4DFDCC733F686C673066B3AC793144C4C6AC359E35CEBAADAFB978C4D3D23FA62BC159F266BB6E97E3F565A624353F317ADF67DBD509746988CB5BEDF7B9CFA623CAF5DBAEF5CA57F270B4B66AD1B35FDB871C2D6EFE51C532750F45D65EB765B255FD5B6B8931F0E1576DEDDFDD1DF2F97F4CFE23E731E662968C0C2DB1A536DE7C6F3F4878ACC666F8B7B6262DE6D7B4CF6AD69DB33CBBBE8525ACCC8AF5D9C3CFE25ADADF12D69E76B5A67F997D07F0FFAC5898798A526F338579AD662675D35DD31ABE65957ADEA7604DF378358E37A796BB643D3F4200E86000000000000000000000000000089860C5A3615B42070F3B9670B1F0A693AC6EE30F5F8F86E3E772CAD8995C79D2635E0C536F7EFC56C4ACD27FF0033FC77A6D5D9CE3CD86B3C6D2F5485EB7D3DC31B0E7B315C3C3B5ED3A56B133AF7446D538B39BD72EB4464F07E1F8B1EFAC61D67777DA7BA1F17C6C5B625AD898969B5AD3336B4EFB4F1F7C1D1E9CE91BE671ED8D7D74DD5AF2AC6EAC7ACF8B43F2F5F7B9AE6715A889ED6FDFC3FA64C2A3261659D2CBE5B5F1F54DA718F2B832FAAFE12742CCE25B3368F869135ACF3B5B7F947AC3C4F43744DF17169854AEB6B4C4447CF6CCF2887DF7A0FA32996C0A60D375636CFFB5A7F75BE726276A37791BE0376200000000000000000000004CB15B6CC774C032800000A5EAD2CC616AE831625503CD67B2AE44FC33A4FEDF4FB3D666B03570F3B9656E7AB4BC685EBF578CFC43CD4C61570A3FCE759EF8AEDD3CF47B2ACE9F0CFCA7E8F07D72A4DB3331C2B5888F7E4C2CE56B2F5E2E32F32CF8595EE752B93D7836703273AC4F0E5A7D4FF004B71A38394EE74B27D1F333A446B33C1D2C97465AF315AD66D2F7FD5EEAED70B4B5A22D89FC57C3BCCCBA46ACCB3F523ABF1815EDDA3F56D1BF947FABD844B5302ADAABA3338C2DEAC0C77B70590C82291B120000000022D6048AF69600000918AD6F202D6D7C16AD7995AF35C000000044C2406B6351A398CAC4C3A97AB0E253540F279CCA4EDD9AFA3CC74C74576EDDAFF002DDB78F27D1B3194D76446C68DFA1BB4AEB3D5A6B8F98C7465A274D3C9DAE8BEACDEFB663B34E73F48DEF7796E86A576F66267BDBD180A4F14F6B5F25727A3BA2E9871A56BE33C65D5C2C266A6132D68D64E33452ACB0442B6B70F3485ADC915AEBE056BAF8324000000000022D2AC42D30AC77827C4A22B0B80000A451684800000000000008ECC240566A8ECAE029D93B2B808884800A4D170000000000000044C2400000005616000000000000000000000000000000000000000000000000007FFD9)
INSERT [dbo].[Product] ([Id], [Name], [Articul], [MinimalCost], [ProductTypeId], [WorkersCount], [WorkshopId], [Image]) VALUES (78, N'Полотенце 47М Дыня', N'294441', CAST(11460.00 AS Decimal(18, 2)), 4, 4, 5, NULL)
INSERT [dbo].[Product] ([Id], [Name], [Articul], [MinimalCost], [ProductTypeId], [WorkersCount], [WorkshopId], [Image]) VALUES (79, N'Бумага 29М Дыня', N'332522', CAST(5439.00 AS Decimal(18, 2)), 1, 3, 6, 0xFFD8FFE000104A46494600010100000100010000FFDB00840009060712100F150F0F10150F150F150F0F100F100F0F0F0F0F0F1515161715151515181D2820181A251D151521312125292B2E2E2E171F3338332C37282D2E2B010A0A0A0D0D0E170F0F152B1D151D2B2B2B2B2B2D2D2B2D2D2D2B2B2D2B2D2D2D2D2D2B2B2D2D372D2B2B2D2B372D2B372B372B2B372D372D2B372B2D2D2B2B2BFFC000110800B5011603012200021101031101FFC4001C0000020203010100000000000000000000000201030405060708FFC40044100002010202040A050A0503050000000000010203110412052141F00613315161718191A1D12252B1B2C10714323442537282A2E115162362F1338392246393C2E2FFC40017010101010100000000000000000000000000010203FFC4001A110101010101010100000000000000000000011102211231FFDA000C03010002110311003F00E9C000EAC8000000000000000000000000000000000000000000000000000000000000000000000000000000000000002C511B2014D89B17280EA99063650CA65F161C5818960B195C50714062D89CA64F1432A406264278B331521952030B8A2789667AA6590A0DBB4536F992BB1A35BC413F37674586D0B27AE6F2F42D72F246D296169D25751E4DAF5C9F693E8C7294743D492BC9645CF2D4FB172990B4347D76FAA291B89CF33BB149F5571A996858EC935D693F230B15A3E54F5BD6BD65C9DBCC7484357D4F5DF9C7D531C9F164643658FC1F16EEBE8BE4E87CC62D8D6A31B2065327290E234635882F7117281500EE245805206B116020900280080024080032A2874858B1D10090F144219302C489CA2C643A640B909C83264DCA13293946251044625D4B0EE4ED1576361A967928ADAFB96D6749428460AD156F6BEB64B55ADC3E875CB51DFF00B56A5DFCACD952A2A2AD14A2B992B16819D52D8C4D252B24B9D9986B74A7D25D4063DC59CD2576EDB6EC24CF3DF954D2D3846961E32715514EA54B3B668C5A518BE8BDDF6225B84F6BAE8F0930AEA716ABC335ED66ECAFD7C86DA323E745893D07E4EF852DCD60EB4AEA57E224DDDA6B5E46F99EC24E9ABCE3D26BD2538B8BDBB799F39CF4A366D3E5574FAD1D1419A9D2F4ED3525C935E2B53F81B8C561832510CD211916198015B42B45AC468A2BB1161D8AC05206B100410490C0080B80192996265098F1605E9928AD319302D44A65698D702C4C64CAD325302C4322B4C64C836FA061794A5EAA4BBDFEC6ECD3F079EA9FE5F89B7335600B90D8AD9152D981A47ECBEB46636626395E3BEFB3C00C191E59F2BF06ABD09EC9539C57E28CEEFDF47AA2E4396F945D06F17827915EA507C6D34B5B924AD38F6ABF6A44ABCFEBC3E532FC0E3654AA46A45D9D394671EB8BBAF6144A93B97E170329CE308ABCA6E318AE76DD9230E8FA430F554E319AE4928C975357F894E9785E9DFD5927D8F57C516E128E4A7082FB118C7B9589D20BFA32EA5ED4748E2D1224544DCDA2190C180102B1AE2B021A15A198AD810C564B2008643062B650320864816A63A653163A605A98CA45498C9817290CA45298C9816A91398AAE4DC0B5489522AB93980DDF076AFA728FAC93EE7FFD1BE6CE3B47E232558C9F22767D4F53F69D64A5E466C5876C56C8B90C8164F7F694D5D6ACFA3BFE3AD7896496FE063D47BEFD282A8489944872577D3AEFBF616A44471BC23E01D1C54DD683E266F5C9C52C937CF25CFD287E0CF0229E12A2AD3971B523AA1E8E5843A52DAFA761D8589CA4C8BB55A898FA51DA8CBA72AFD48CC48D769CA96A6A3EB3F05AFC8D41A54C2E2DC2E6994B61720801AE2DC00056C8B84880062B259002B2192D0AD144302090190C98A8640321D15A635C074C9B89726E059704C4B91702DB8662BB97E0F0B3AB2CB0577CAF624B9DBD805773A4D0FA41548A83FA71493FEE4B526BE2361F42D282F4FF00A92DBADC63D897C4BA3A3E826A4A9D9AD69A94D34FBCCDAB8CF8A19C058545D45AA5722A99D3316AD3DF9CCBAB093E49DBF2A66B71587C4AD70A94E5D12A738F8A9320AAA437EE269D5D8FBCD1692D258BA5F4B0F1B73C6A674FF4C4D37F3354BFA74DC3A926FDA34775C625B57797D3A4E5AD1C4D1D22AAFD1A8DBE5C8FD17DDB7C4EFF000D1B4517052F0CF9D789ACC56859D49669D54B624A9B692EF37AD154DEF7B08343FC016DADFA2DFF00B13FC0E1B6ABEC8C7CCDA4DFC36F77EC56FB76ED4CBB531AF5A129FDE4BF48DFC0A9FDE4BF4F919C974BF01A36F613571AFF00E5F8FDE4BBA20F83AB6557FF0004FE26D62CB131A38BC650E2EA4A17CD95DAF6B5F55F90C7667699FAC4FAE3EEA304D220185C5B84432192C8285600C900190A890189150C8094C642A19144801241291D868FC22A14D43ED3D737CF2E6EA468783F87CF5937C94D67EDFB3E3AFB0E9A466AC282898F8EC753A34DD5AB2508C76BDAF624B6B390ADF28B4E33B2A1270BFD2551295B9F2B5F125B22C96BB7B0EA46B743E97A38BA6AAD09E75C8D724A12DAA4B63360981671843A82490B7013130525AD1CA697D14B9523AB998389A5703CF7138570D6B535AD35A9A3D769AD4715A47029C5F533B68722EA4410CA2A6FB4BE4CC6A8B7B3458289DB7B3EBDF69535BDB7FD879437B3DFC8ADADD5F7F30256FAB7EEED2D8D8A52E9E7DAF7F22D8EFBEFCE05B145A8AE23A20E474D3FFA89F5C7DD898373334D7D627D71F751846D031592C4B84490C8028008001944751252192022C4D894864805B0D602402C490481BCE0BAFF0051FE05EF1B9A8CD47061FA35174C7D8CDBD433563CBBE5234BB9E23894FD1C3A4ADB1D4924E4FB134BBCF3DAF8AE93A3E1BB6B175EFF00793F69C3D6AC71BED779E475DF279C21786D214E2E5FD3C43542A26F55E4ED4E5D6A4D76367BC267CAD83A8D55835CAA74DAEBCCAC7D4D73A72E7D2FB6A1074F55FA0AEE5651228A88BA4CC6AF3D406AF4A554A12EA675549DE2BA97B0E038418AB424BA19DBE06A5E9C5F3C63EC20BA7D663CD74FB597CDEF6DF7EB2996FBEFCC518F38AF5BC5EFE6572EBF1EFF00DCB66FAFC37F22A6FE1B11442DF5AEC2C8A2A5BEA5BF996C082E89622B8161071FA67EB13EB8FBA8C23374E7D627F97DD89826D00AC915A0886413621A288023280197949CA5D9032815582C5B949CA052496E50CA054162ECA1940DBF05D7FABFEDF7FA66E666938393B4E51F5A29F6C5FEECDEC919AB1E5DF287A11FCE38C49E5AF15AF62A91D4D7759F79E65A474354849FA2FB8FA5715868558B8548E64F9F63D8D3D8CD1D5E0AC1EACFE8F34A9A93B75A6BD862F3EBA4EBC78BF00783F3C4E91A51941E4A3255AABB3B250D7157E7724BC4FA1AC6068AD134B0B171A50B667793B2CD27D3BEC3654D5CD498CDBA76BD128B9756765DC8C39D40879CCD7632B5932CAF5F56FBFF009347A4F1C927AF7DFE006838418AD4F5F39E89A02B66C3D27CF4E9BFD28F1FD2D8ABDF59E9DC13AF7C2D17FF006E97BA893F474B729A8FA37DFCC6CFA8493DEE514C9F47E97BF9F2953DFF00CFC7B0B66FE3B5F695CB7E5DFB0A116FA9EFE45B0F3DF7E52B5E5B5EFDA590F3DA4174071203B0392D37F589FE4F7518361F84388B6266BF07B9135DF3B348CFB116307E75D24AC4F4819B622C6271FD24AADD2064D80C755480375949CA64F141C51518D9432995C50716062E50CA657141C5018B949C865F141C581461E6E13535F65DFAD6D5DC7554E4A49496B4D26BA8E778B32B075A54F5269C7D569EAEA7B0946DA712B71652B1BCF1FD57F813F3D5CCD77799156642D846C8C6F9E47A7FE2CD3E94D3D38DE346855A9FDD95417EA77F003698FC4A5AAFC9CBD7BDCD4E231C96DDF7BF79CCE2B198F9FD1A0A1D7294BC123575B46E3AA7D29E5FC30EAE7B915BFD21A6631E57BEF738FD2FA713BEBDF7F617CF82B5E5F4E73976DBD857FC932F55F693D598E6EA6333BB2F1692EF67AD702AB3F9B528B7C9082D567C8B9CE25F0267B158EB383786AD878284E19946C938492765CF17E7D83994EACAEE613DF94994BA3E060D0C6AB6B528F5C1BF76E5FC7C5FDA4BAD38FB6C6993397478F715BDF5EFA8255A1F7905F9E1E6572AF05CB569AFF729AF88166FCAAF7F31E0637CEA9FDF52FF00CB4FCC98E369FDE45F5494BD845674499186F48439E4FAA9D47E36B15CF48BFB34E4FF00138C57C5F801C7708E9B78BA8FA61EE44D7710CE8F1B83A956A3A93B5DEAB256492E45D222D18CA8D0AA0C75419BE5A318CB4681A15418DC4B37CB4713FC3D1468552606FBF87A020D9582C3D82C542582C3D82C02589B0D60B00B60B0D60B00B601AC160149B9360B0117206B05805B0586B05804B0587B05804CA4A43582C0429327330B05808CCC33326C16023330B9360B0117206B05805B1161EC16012C161EC16012C161EC16012C48D60018000800000000000000000000000000000000000000000000000000000000000000000000000000000000000003FFD9)
INSERT [dbo].[Product] ([Id], [Name], [Articul], [MinimalCost], [ProductTypeId], [WorkersCount], [WorkshopId], [Image]) VALUES (80, N'Полотенце 44М Ваниль', N'357053', CAST(3396.00 AS Decimal(18, 2)), 5, 5, 1, NULL)
INSERT [dbo].[Product] ([Id], [Name], [Articul], [MinimalCost], [ProductTypeId], [WorkersCount], [WorkshopId], [Image]) VALUES (81, N'Полотенце 7М Ваниль', N'397143', CAST(2868.00 AS Decimal(18, 2)), 3, 2, 9, NULL)
INSERT [dbo].[Product] ([Id], [Name], [Articul], [MinimalCost], [ProductTypeId], [WorkersCount], [WorkshopId], [Image]) VALUES (82, N'Бумага 49М Бриз', N'414339', CAST(10786.00 AS Decimal(18, 2)), 1, 1, 6, NULL)
INSERT [dbo].[Product] ([Id], [Name], [Articul], [MinimalCost], [ProductTypeId], [WorkersCount], [WorkshopId], [Image]) VALUES (83, N'Полотенце 7М Бриз', N'350515', CAST(4986.00 AS Decimal(18, 2)), 2, 2, 2, NULL)
INSERT [dbo].[Product] ([Id], [Name], [Articul], [MinimalCost], [ProductTypeId], [WorkersCount], [WorkshopId], [Image]) VALUES (84, N'Полотенце 25М Бриз', N'258695', CAST(3631.00 AS Decimal(18, 2)), 1, 1, 8, NULL)
INSERT [dbo].[Product] ([Id], [Name], [Articul], [MinimalCost], [ProductTypeId], [WorkersCount], [WorkshopId], [Image]) VALUES (85, N'Полотенце 17М Ваниль', N'403054', CAST(5048.00 AS Decimal(18, 2)), 4, 2, 9, NULL)
INSERT [dbo].[Product] ([Id], [Name], [Articul], [MinimalCost], [ProductTypeId], [WorkersCount], [WorkshopId], [Image]) VALUES (86, N'Бумага 14М Бриз', N'310507', CAST(7846.00 AS Decimal(18, 2)), 3, 1, 3, NULL)
INSERT [dbo].[Product] ([Id], [Name], [Articul], [MinimalCost], [ProductTypeId], [WorkersCount], [WorkshopId], [Image]) VALUES (87, N'Набор 40М Бриз', N'353930', CAST(12767.00 AS Decimal(18, 2)), 2, 2, 8, NULL)
INSERT [dbo].[Product] ([Id], [Name], [Articul], [MinimalCost], [ProductTypeId], [WorkersCount], [WorkshopId], [Image]) VALUES (88, N'Набор 22М Клубника', N'360424', CAST(13524.00 AS Decimal(18, 2)), 1, 4, 3, NULL)
INSERT [dbo].[Product] ([Id], [Name], [Articul], [MinimalCost], [ProductTypeId], [WorkersCount], [WorkshopId], [Image]) VALUES (89, N'Бумага 13М Бриз', N'349861', CAST(3842.00 AS Decimal(18, 2)), 2, 4, 6, NULL)
INSERT [dbo].[Product] ([Id], [Name], [Articul], [MinimalCost], [ProductTypeId], [WorkersCount], [WorkshopId], [Image]) VALUES (90, N'Бумага 7М Ваниль', N'290729', CAST(6934.00 AS Decimal(18, 2)), 4, 4, 4, NULL)
INSERT [dbo].[Product] ([Id], [Name], [Articul], [MinimalCost], [ProductTypeId], [WorkersCount], [WorkshopId], [Image]) VALUES (91, N'Набор 24М Ваниль', N'374263', CAST(3907.00 AS Decimal(18, 2)), 5, 5, 9, NULL)
INSERT [dbo].[Product] ([Id], [Name], [Articul], [MinimalCost], [ProductTypeId], [WorkersCount], [WorkshopId], [Image]) VALUES (92, N'Набор 43М Дыня', N'330360', CAST(5867.00 AS Decimal(18, 2)), 1, 5, 4, NULL)
INSERT [dbo].[Product] ([Id], [Name], [Articul], [MinimalCost], [ProductTypeId], [WorkersCount], [WorkshopId], [Image]) VALUES (93, N'Полотенце 33М Бриз', N'297840', CAST(4611.00 AS Decimal(18, 2)), 4, 4, 1, NULL)
INSERT [dbo].[Product] ([Id], [Name], [Articul], [MinimalCost], [ProductTypeId], [WorkersCount], [WorkshopId], [Image]) VALUES (94, N'Набор 12М Бриз', N'349614', CAST(2551.00 AS Decimal(18, 2)), 3, 1, 7, 0xFFD8FFE000104A46494600010100000100010000FFDB00840009060712121215121212151515161515151715171515151615151515181615171615181D2820181A251B151521312125292B2E2E2E181F3338332C37282D2E2B010A0A0A0E0D0E1710101A371F1D222D2B2D2D2B2D2B2F2D2D2B2B2B2B2D2D2B2D372B2D2D2B2D2D2D2D2B2D2D2D352B2D2B2D2B2D2B2D2B2D2D372D2B2D2D372DFFC0001108009F013E03012200021101031101FFC4001C0000010501010100000000000000000000000102030405060708FFC4004610000103010505040606080504030000000100021103041221314105516171912281A1B1061332C1D1F01442527292F1072353627482A2E115243373B234B3C2D2436383FFC400190101010101010100000000000000000000000102030405FFC400221101010002020105010101000000000000000102110313321221314151716122FFDA000C03010002110311003F00F4E2912A45EB78C8842150244A911088421542212A440244A9150884A9110244A9100912A4550210840210840210841AB44E039053B54144E0392982F0DF97D0865ACF60F72A40EAACED17433BC791546CEFD141304A842054042540A84210284B29A94202A3A04AA8A5AEF9C3728D7A38F1D479B932DD08421747339226DE45E514E4892F22550A52144A25102444A1540912A440244A8542244A8442210840884A9110884A8542212A102212A1069503D91C829D8557B27B21590BC397CD7BF1F88A7B65F0C1C5C3C8AC8656832B5F6BD30E6B41DFD3058756CCE1ECF6878ABE8BADB3EB9BD56C52A81C2427AE769DBFD5BA2402225A70CF291C56D592DACA991877D939F76F596D6425421008421009955F186A91F5B728575C38F7EF5CB3E4D7B40952255DDE7084210417917943792DE51535E45E50DE45E4135E4B794379179544D791794D67B13DD89EC8E39F45769ECF60DE799F82C5E491B9C795665E45E5AFF4467D91D132A5859BA3BFE2A76C6BA6B2EF22559A963032A8DEFF0088503E8386E3F74CF92DCCE5FB73B8653E892851DE44ADB27A136500A21C85629589E73C39E7D1586ECE1A93E0162F2631D2716559C85A4767B77BBC0FB942FB0386441F049CB8D4BC59453427D4A4E19B48F9DE992B72ED8D0425420BF623D9EAAD3552B0BB03CD5D6AF2673FEABD9C7E315769E4DEFF0072A0AFED3C9BDFEE54577E3F18F3F2F93CDFD3E65EACF6FDAAD621D5B542ED360D069B3529689B831D733AE6B97F4B00368C74B4ECFF003ACBAED83FF4F4BEE0F32B184DE75BCEEB08D1A7548D679E3E39A97E91C3C54085BBC78B139329F69CD7E0A373C9CD350ACC242E795F909508559094210804A912A2B26FA2FAAD7D2DF50590F4A1EAB5F407A0B74E4900092720B72C3600CC5D8BBC072E3C53764D8AE36F3876C8C780DCB442E19E7BF68EF861AF7A004388024A2A3C344959B5AA97193DC173754B56D84E0DEAAB3DC4E65090A069513CA91CA17A047549CF1F3EAA370D74438A4A609200CCADE39DC58CB09924B3D22F303BCEE5B566B2B5830CF7EA8B1D98531033CC9DFF00D958015CF3F57F130E398FF45D4B75078AC3DA3B44BE5AC30DDFABBE0173745DB56D5630C0ED1DC321CCACCADB4EABB237470F89551AC5335881A6D557EDBBAA4FA43B5C79E7D539CC40624BA4B367B2A829E0A81CC4E692BBF1F27D570E4E2D7BC5EB13B12B41A562D2AC5A642BD46DAD39E1E4A72E377B6B8B39AD549B4726F32A8ABBB431603C479159D2B7C5E2E7CBE4E1BD2E1FAFE769D9FE75D761B0BFE9E97DC0B8DF4B0FF981FC4ECFF3AEBAFD847FCB51FF006D9E4B387956B93C23452A64A595D9C4E42494B2815084AA2842108A54210A0E6D1284228BCB4F60D9AFD4BC72663CDC72F8ACC5D3EC3A57690C31776BE1E10B19DD46B8E6EB502704C05456BA90237F92F3BD2AF69AD78F019289012C206A429C530A063942F2A571552A3A4A04256A6C9B3E17CEB80E5BD6751A779C06F5D0B000206430081E13826850DBAD171B3A9C07C5051DAF6C9FD5B72FADC4EE59AD6A714E01035AD524240D5200822BA9CD6A7809CD0818589BEAD5884908283F03092F27DBC4107788E9F9AAD7D7B30BB92BC79CD5B16455311386E4072AE1E96F2ACB8FF499D3681FC5587C3E90BABD84EFF2D47FDA67FC42E47D25935DBFC5D8BCABAEA3613BFCBD1FF699FF0010B8F1F9577E4F18D5BC9439401C9C1CBB3826BC9D79401C9439454F7928728039383904D792DE5087250E51530725950DE4EBC839916DA5FB46FE209A76851FDAB3F105C9577B5BCB7055E8D2739C30ED3B068D3893C0099E4B8F6D77EA8EDDB6BA6700F693B811F3A85DD51640037003A085E5760B35C7B0493351B33124178CF89C7A15EAAD2B1965EA6F1C7D2942A76974BB960AE355027159689084A90A0694C714F2B8BFD29EDB7D96C4E349C5AFA8F6D26B866D0E04B88DC6EB48078A0E8EADB592581ED2ED5A1C0B8736CCA8C15F376C0BFF004863D8487875EBC0E3339CFCCAFA368B89682702409E7AF8ACCCB774D5C7536D4D96DC49DC3CD6B3565EC8F649E3EE5A8D5A64E0B276954BCF8D061F15A8E7409DC09584E281A9CD2821280814295A1318B8EF4FFD3B1B3EED2A6C152BBC5E82486B19301CE8C4924181C0E2849B76C1A9C1AB91FD1E7A5C76831E2A3032A3209BA4DD734EA01C41074C730BB46354965F85B2CF9465A9214AF6A8E15467ED830D69FDE8EA0FC164FAE1BC750ACFA651EA5A37D41E0D715CA5900C5B187B43C9C3C975C793D334E59717AAEDD1FD21BF6875090DB18337B47F337E2B9F34C0CE3039EEDC7AC1EF2B3769B67111BF0F157BBFC4E99FAB7B75C0D6610641B5590C8320F62BE456F6C4B53459E882F6C8A6C07B433BA172B526287F1165FF00B75955B0547000475DD0B18E7AB6B7961B923D0FE94DFB4DEA106D94C66F68E6E03DEB956804169E446F69C70EF06148D970BAEC5CDD7ED372BDCF0C78F35BEEBF8C74C74BFE234BF6B4FF001B7E2946D1A5FB5A7F8DBF15C5DA2CD18465F3F055E9C0065B240C3DFE0A76DFC3A67EBBD6ED3A3FB5A7F8DBF14A369D1FDB53FC6DF8AF3B7D5CB08F31DFAA1AED47F7E213B6AF4CFD7A3B6DF48E55187F99BF14BFE214BF6ACFC6DF8AE26CF8E20418DF8744EAB467119EBC13B69D53F5D9FF008AD0FDB52FC6DF8A0ED6A033AD4C7F3B7E2BCEABD183CFA18DDC546D21BED491A4E309DB4EA890805C272189F74F8F52B42C367FAE737F65A0E61A713C89804F70D156B159EF3A0F68032EE2E3886F913DC37AD1A8F81E0394C13EE0B93A9D67AD356999C0D461EE9111DD1D57A8B4AF276562D7309CCBD9D039BF3DC17AB53C50586ACF5798A8BB54020A121408573BE996C165BACEEA0F75D921CD70C4B5EDC8C6A331C895D03DCA85A5E83CF7D17F405B6575EAAF6BC83384E3194C81017732A1714B79671C645B95BF2DCD8C7B27EF7B82D36AC8D88EECBB9FB96AB656905A4F61DC9632D8B57B0EE5EF595081004E0101A9D081005E1FFA52D8F58ED17BC825B51B4CD3C3086B03481C9C0F55EE4132AD06BF07B5AE00C80E68763C010B394B67B358D92FBB89FD156C27D0A6EA8E117C06B788065C79643B8AF436281A14AD2A618FA668CB2F55D9EF51A1EE51DE5B65CE7A6757FD267DE774803CCAE6C037646631F7380F1EAAEFA416CF596978193229F78C5DFD44F459F41D847123A8FC904EE7CF7C9E7A88EF859D68619103D9270E10403E2ACB1D9D3C80C8EE066E91C8C8E4144DA72675E1BC183EE2812B8FF4632FA4D0E829555916487400F83A8D30D3A4ADAB50FF0047F89A7E146A2C5A102E88326EF233A98C506D52A2EBA0DFDFA0E9C315252638620C9104699E60F0397E4AB59AADD68CE0B8E7C2019E667C1593523A13D0C1F3F3DE82E3A1EDBC3BC6120EA31D7E7554AB59BEB0F9E329CCAB71D7BEA9CFC83BDC7B8E8AED5647CE4839FB4D2BB8898D75CF77C140DA24996EBC738CFE7710B5ED7475FAB18FBC74959D5E699C7161F913B8F1416ECAD734E3FDC11A42B249C33E1F3291955AF607B4CE877C8CE5156A3444C41F3DDF3BD032BD20E187783FDBC0ACDACD8319F285AA4B41C33DDC1416CA7306632D071CC685068D0A0DA6CBB260483BC9389FE638C955AD15049272F87F6C07C4A8ED56AD63018818713AF0693DDC82C7B45B0BB020803C504D52B76AF93D96E5C48C602F64B2D5900EF00F5C578555B50271D301860273E6B63617A4F69A000152F330EC54ED0032C0E63B8C67820F686AA95C768F3F3C5735B13D3DA354DCA8C2C77021CD3DF810715B8EDA14DEE175D3237110465E7E08254853894C71410D572CFB4BD5CAC566DA0A0889497924A4941B3B05FED0E5EF5B6D5C9D86D9EADD31322085AD67F482CE6A3691A8D6D47090C7604F2394F041AD5C4B1DC8F82CA6AD76E3C964C461BB0E88150842054A912840E053814C094201EE5476ADB451A4EA874180DEE261A3A90AE3970DE976DA6542EA4C708A673CE5F918E4091D506450A932E389324CEF3255AA10679FC216659EBB4038EBF1FECADD8ED21C4F100F87C61025B4DD83F649FC2489E981FE5295D880E181C88331F2460A5AA4490E02E918820659FBFCD32C4C20969C483764EBAB1C79823C502D6C5B43F881E1677ACA6D23D9C621ADC7980EF78E8B76BB30A1FC4D4FE9B33951752371B81F659FF1FECD40DA6C3AC41E118EF83F961A2B41848822481F881CE279750B35F59CC70DCEF3F9E2AFD96D20883CF971F8A090B646274EA32EEE5BE559D9F54387AA74C8C5A778198E63CB91559EFF000CF81D0F2DFC3928DD38169823FA5C0F8EEEBA20BEF19B4F23CB459569A27D93883C729DFE0B55AFF58DBD10E045E1F65C31E9963B8AA569A21F1221E35181E48316CE5D49F763071D7107E7DFD7505D2D838B4F5DE39462532A367B2EEB188DC7884CA61C09177B21B9898ECC9041F9CD05AB2D2736584CEAD3A91B8A7D46039E1CBC8A659AD3F549C41E9B94870CF2F7A0A9696DF371B8C18278FD91F3EE2AB5A5993011AB9C7088031749D32037C2B352A0A6C98D620633F9EBCE37CE797BA4B4FB47B4F8D3ECB41E18F7CEE415D94EF389230DDA4680EA4C689B6A6B670FCFE71F9CED9A7A70EEC3327870D70436CCE31500913879CF140B66A61A0970F88318471C3F25AB61DA2FA6C2E249C4409C31800039E673DCB9FAA6A38E193498DD7B53C87CE6A2AD7FEB5E86E2771390CBBE79A0F56F477D25A5688A65C0558F64900B80DC355B5517CF76D1788CC104104482D232208C8AE97617E91ED343B16961B4D31F5C10DAC0719C2A77C1DE4A0F54AC567DA16758BD3AD9D5808AC699FB3518F611DE45DE84ABB53695988915A991BEF841138A4954ED7B5E83727171390683C75386856357DAD52ADE6B05C11A7B447DED3B9049E92FA4CDB3FEAA98F595CFD518864EAF8F2CCF05C3592CF68AB355D378D5738B898321D00F088C3742EAE85858C04803333E64F3CD4961A6D6D0C7F767BFF341ABB036F54680CAC61E07B6300EED5DC63274C7032BAAB0DBC38E26675CF15C0D5B65369CA73903FDD1D565D5DBB51979D4A019C0192D3DC3241EC250B83F467F49567A9146D6459EAE41CE3349FF00FE9A1FBD0BB96B81120820E208C411C0A091284D0538207425848E700249006F2602E57D21F486AC399661777D539C7FF5B3DE7A6A813D32F49850068523355C3B447FF1B7FF0063E19EE5E76E008C8C68466378E4AF3B649C5C65C664926499CE4EA4C1EF290D91D30D00EFD6F0DF8EB87820A966A2E73831A249D3AE65496BBF41D05B8819E241E5F3A2D9D9AF651A9DA317C40988044613C7DC15FDA5670F17A24728841CA51DB551AE930EE05A3C216A52B6D2B40B80FAA7C401EC8E52AB5A2C34C6270EF50D97667AC74318E70DF886F7941BF6630CB0B649F5968B441CE3F53EAB193DAC5F3A65DEB399B4194E8B4137DD88FC2E2D13BB25B22CACA476782EBDEAEADA9CE8CB0635E7A60B99AFB15E298A949C2AB1D2EBCDC0F6892659A67C5055B65BDCFCC08D384658A5A7B45B84E077E6B3EA023450DD41DA59EB480E19C09D411BF88F9DEA62E032CBAE42238E11CC007421723B36D2F68204C66381D47223C82DEB35A58E1867BA39699022506AD0A85A6F0C7470CEF371CB79133C4123553D76644441C41E11231E320CACEA352EE20FC8009F020F4D73BB64B40F60E4E92C38407625CDE46247F30CA1053ACC078489EFD47CFF00750927239471078E39FCE455AB732260C6BC8E87A61DCAB567E47E7971415CD00482700008702093040C63E700B4A8BB001D98C272CB038AA0EED090403A8CFBCEF1C477AB74ED20938B4CE3BC4EB1E1E28295B6D00E270CE339E006E1AC67E4994288378E87C9A00C7AB54548CC9CE4B733B8DE27BC348EF5A164032D24B8F1004C77C53EA5052AEC931AB8C46B00E03AE279705A55A8DCA420C90081C0EA48EBCA026D9ACFFAD3FBAD001E31767ADE53BCDF83A0931C84E3CA3C4A092CB444018764093867ED13DDD92A7AB636FAB92D027B44600C9F65A7881747725650F65A7EB124C7D912E7750D03BC296D568925C742070BC71277E577AA0C0B4ECB69C0818E782A55765D398007F7C7E0B6DD523BF789D604F055A98BE401106331A9263C3DE822B1ECF6B7D9A79EB067C0853D5B30265B8C48EF1C73227020AB0CB534BAE06C093DAD49189275C540CB4CB8831133CF7E1BCA063293483C20E7BCC7CF7A92CE7B50D8CA318D660F8A70609CF21078FD53EEE8A5B18C663013F3E081F6BB39F55501C3B272D4C11895646CD175A359074C6207FE3E28DA4F06965892C1D5E27C15F798EE1E20E3E379073CFD933D1833CE5D78F8ACDABB01D7099124E53C617519113BC78372EAA8ED07C301E67C4941C3DA3D1A739F1233F3A911E0B43D1DA36EB2B47D1AD043319A6E87D33803831DECE27EAC15A2C743F919E65B97F549562CF1EAA7EF75247B8041A760F4B6D4707B68970CC86BDA246B05E5680F486D063D900EA1BCB79E3E057274A46B9EBDEB66CB3D90ED5C239498F23D505CB555A8F20BDC5D76AB46270137D980CBEB354B56CFF3CE7055ED1ECD423EF0E61C48FF00805A0E748F2EFC7DC8339D44039E448EF9C3C551AB679968CF36F11BBE751C56954CC71F9F72AD69A3338C3B033C48F2234DE10739E9431CD0CBAD2EBB379BF58CE3227388C8EF59D66DBCFB8D14AB1819B6711C0B4E2175756888971BD3A9D2627C1606D4D8946A1BC5B0E9CDB838624FB4384041A7E8B1B3D678FA553A8E7389EDB1ED00638762EFBD7696EB35928532E6DA2A330800D3BC6790895C0EC8D816AA6F9B3DA5AEBA2436AD30E077CB9B0559DBF6BDA058195ACD41C6443A9D5733FA5E0EFDE820ADB558180079739A2D5896449AE1AD69189880D3E013FD16B6D2A7855AEC6308902EBDE6793461DEB997B2D0266CEECF4A948F77B41368D3AAE0D2DB3BE0018DFA5BA7ED20F57B6EC8D9D569DF75A01C2669D37071EA63AAF2EDA4DA6D71B97C8BC4006061A491EE0BA4B35B2D7EAC3196360005DBCFB40CF0C6EB5A77EF5CEDB7635773E2A556B24E54DB94FEF3A786E414596BFD635B99009BA341BCADFB2D9CB5DCFE18FCF258F63B1B293A40CC4CE64E1A93DCB6ED2E261DF387E6D41A149E0E13FBC3BB1F11A7DDDC94370BB8C6118E2232208FAC2077B47DA59ECA9188E637EFEB8F88DCA76D6C9C3E46023B891D47D941A74AA9AAD209EDB0C3A3274880E03EC982B3AD2C7410303391DE0620F0C7C022AD52D8A8CCF283A8C0B9BC3783A42BAF02A35AF6E4E0227711227B9063BDF0441208C8EB8E855A75BF017DBC9C309EF18F714CAD4E70DF8E798D3BF354EF16E1A680891D270283FFD9)
INSERT [dbo].[Product] ([Id], [Name], [Articul], [MinimalCost], [ProductTypeId], [WorkersCount], [WorkshopId], [Image]) VALUES (95, N'Бумага 38М Ваниль', N'416066', CAST(12175.00 AS Decimal(18, 2)), 1, 2, 2, NULL)
INSERT [dbo].[Product] ([Id], [Name], [Articul], [MinimalCost], [ProductTypeId], [WorkersCount], [WorkshopId], [Image]) VALUES (96, N'Бумага 20М Бриз', N'285792', CAST(14370.00 AS Decimal(18, 2)), 3, 3, 7, NULL)
INSERT [dbo].[Product] ([Id], [Name], [Articul], [MinimalCost], [ProductTypeId], [WorkersCount], [WorkshopId], [Image]) VALUES (97, N'Бумага 28М Дыня', N'298632', CAST(14671.00 AS Decimal(18, 2)), 3, 4, 4, NULL)
INSERT [dbo].[Product] ([Id], [Name], [Articul], [MinimalCost], [ProductTypeId], [WorkersCount], [WorkshopId], [Image]) VALUES (98, N'Бумага 10М Дыня', N'446103', CAST(13975.00 AS Decimal(18, 2)), 5, 1, 3, NULL)
INSERT [dbo].[Product] ([Id], [Name], [Articul], [MinimalCost], [ProductTypeId], [WorkersCount], [WorkshopId], [Image]) VALUES (99, N'Набор 22М Бриз', N'443382', CAST(4501.00 AS Decimal(18, 2)), 3, 3, 5, NULL)
INSERT [dbo].[Product] ([Id], [Name], [Articul], [MinimalCost], [ProductTypeId], [WorkersCount], [WorkshopId], [Image]) VALUES (100, N'Набор 18М Ваниль', N'331270', CAST(11171.00 AS Decimal(18, 2)), 1, 4, 8, NULL)
GO
INSERT [dbo].[ProductMaterial] ([Id], [ProductId], [MaterialId], [MaterialCount]) VALUES (1, 63, 24, 20)
INSERT [dbo].[ProductMaterial] ([Id], [ProductId], [MaterialId], [MaterialCount]) VALUES (2, 71, 6, 1)
INSERT [dbo].[ProductMaterial] ([Id], [ProductId], [MaterialId], [MaterialCount]) VALUES (3, 37, 6, 4)
INSERT [dbo].[ProductMaterial] ([Id], [ProductId], [MaterialId], [MaterialCount]) VALUES (4, 58, 24, 18)
INSERT [dbo].[ProductMaterial] ([Id], [ProductId], [MaterialId], [MaterialCount]) VALUES (5, 94, 6, 3)
INSERT [dbo].[ProductMaterial] ([Id], [ProductId], [MaterialId], [MaterialCount]) VALUES (6, 1, 24, 9)
INSERT [dbo].[ProductMaterial] ([Id], [ProductId], [MaterialId], [MaterialCount]) VALUES (7, 2, 23, 15)
INSERT [dbo].[ProductMaterial] ([Id], [ProductId], [MaterialId], [MaterialCount]) VALUES (8, 63, 25, 3)
INSERT [dbo].[ProductMaterial] ([Id], [ProductId], [MaterialId], [MaterialCount]) VALUES (9, 11, 39, 12)
INSERT [dbo].[ProductMaterial] ([Id], [ProductId], [MaterialId], [MaterialCount]) VALUES (10, 19, 25, 20)
INSERT [dbo].[ProductMaterial] ([Id], [ProductId], [MaterialId], [MaterialCount]) VALUES (11, 94, 42, 4)
INSERT [dbo].[ProductMaterial] ([Id], [ProductId], [MaterialId], [MaterialCount]) VALUES (12, 47, 33, 4)
INSERT [dbo].[ProductMaterial] ([Id], [ProductId], [MaterialId], [MaterialCount]) VALUES (13, 52, 39, 12)
INSERT [dbo].[ProductMaterial] ([Id], [ProductId], [MaterialId], [MaterialCount]) VALUES (14, 28, 25, 8)
INSERT [dbo].[ProductMaterial] ([Id], [ProductId], [MaterialId], [MaterialCount]) VALUES (15, 1, 25, 4)
INSERT [dbo].[ProductMaterial] ([Id], [ProductId], [MaterialId], [MaterialCount]) VALUES (16, 59, 42, 3)
INSERT [dbo].[ProductMaterial] ([Id], [ProductId], [MaterialId], [MaterialCount]) VALUES (17, 57, 42, 4)
INSERT [dbo].[ProductMaterial] ([Id], [ProductId], [MaterialId], [MaterialCount]) VALUES (18, 67, 42, 6)
INSERT [dbo].[ProductMaterial] ([Id], [ProductId], [MaterialId], [MaterialCount]) VALUES (19, 70, 2, 1)
INSERT [dbo].[ProductMaterial] ([Id], [ProductId], [MaterialId], [MaterialCount]) VALUES (20, 70, 8, 1)
INSERT [dbo].[ProductMaterial] ([Id], [ProductId], [MaterialId], [MaterialCount]) VALUES (21, 79, 38, 15)
INSERT [dbo].[ProductMaterial] ([Id], [ProductId], [MaterialId], [MaterialCount]) VALUES (22, 44, 13, 3)
INSERT [dbo].[ProductMaterial] ([Id], [ProductId], [MaterialId], [MaterialCount]) VALUES (23, 52, 27, 6)
INSERT [dbo].[ProductMaterial] ([Id], [ProductId], [MaterialId], [MaterialCount]) VALUES (24, 11, 40, 15)
INSERT [dbo].[ProductMaterial] ([Id], [ProductId], [MaterialId], [MaterialCount]) VALUES (25, 66, 13, 1)
INSERT [dbo].[ProductMaterial] ([Id], [ProductId], [MaterialId], [MaterialCount]) VALUES (26, 18, 13, 6)
INSERT [dbo].[ProductMaterial] ([Id], [ProductId], [MaterialId], [MaterialCount]) VALUES (27, 10, 2, 16)
INSERT [dbo].[ProductMaterial] ([Id], [ProductId], [MaterialId], [MaterialCount]) VALUES (28, 92, 38, 19)
INSERT [dbo].[ProductMaterial] ([Id], [ProductId], [MaterialId], [MaterialCount]) VALUES (29, 33, 21, 5)
INSERT [dbo].[ProductMaterial] ([Id], [ProductId], [MaterialId], [MaterialCount]) VALUES (30, 67, 27, 6)
INSERT [dbo].[ProductMaterial] ([Id], [ProductId], [MaterialId], [MaterialCount]) VALUES (31, 96, 27, 14)
INSERT [dbo].[ProductMaterial] ([Id], [ProductId], [MaterialId], [MaterialCount]) VALUES (32, 16, 40, 8)
INSERT [dbo].[ProductMaterial] ([Id], [ProductId], [MaterialId], [MaterialCount]) VALUES (33, 99, 2, 3)
INSERT [dbo].[ProductMaterial] ([Id], [ProductId], [MaterialId], [MaterialCount]) VALUES (34, 34, 40, 6)
INSERT [dbo].[ProductMaterial] ([Id], [ProductId], [MaterialId], [MaterialCount]) VALUES (35, 99, 36, 2)
INSERT [dbo].[ProductMaterial] ([Id], [ProductId], [MaterialId], [MaterialCount]) VALUES (36, 55, 14, 9)
INSERT [dbo].[ProductMaterial] ([Id], [ProductId], [MaterialId], [MaterialCount]) VALUES (37, 76, 13, 10)
INSERT [dbo].[ProductMaterial] ([Id], [ProductId], [MaterialId], [MaterialCount]) VALUES (38, 90, 40, 15)
INSERT [dbo].[ProductMaterial] ([Id], [ProductId], [MaterialId], [MaterialCount]) VALUES (39, 47, 40, 14)
INSERT [dbo].[ProductMaterial] ([Id], [ProductId], [MaterialId], [MaterialCount]) VALUES (40, 41, 13, 3)
INSERT [dbo].[ProductMaterial] ([Id], [ProductId], [MaterialId], [MaterialCount]) VALUES (41, 68, 8, 2)
INSERT [dbo].[ProductMaterial] ([Id], [ProductId], [MaterialId], [MaterialCount]) VALUES (42, 19, 21, 4)
INSERT [dbo].[ProductMaterial] ([Id], [ProductId], [MaterialId], [MaterialCount]) VALUES (43, 24, 14, 11)
INSERT [dbo].[ProductMaterial] ([Id], [ProductId], [MaterialId], [MaterialCount]) VALUES (44, 33, 10, 4)
INSERT [dbo].[ProductMaterial] ([Id], [ProductId], [MaterialId], [MaterialCount]) VALUES (45, 16, 22, 15)
INSERT [dbo].[ProductMaterial] ([Id], [ProductId], [MaterialId], [MaterialCount]) VALUES (46, 64, 16, 1)
INSERT [dbo].[ProductMaterial] ([Id], [ProductId], [MaterialId], [MaterialCount]) VALUES (47, 70, 16, 16)
INSERT [dbo].[ProductMaterial] ([Id], [ProductId], [MaterialId], [MaterialCount]) VALUES (48, 92, 16, 11)
INSERT [dbo].[ProductMaterial] ([Id], [ProductId], [MaterialId], [MaterialCount]) VALUES (49, 78, 16, 1)
INSERT [dbo].[ProductMaterial] ([Id], [ProductId], [MaterialId], [MaterialCount]) VALUES (50, 94, 18, 20)
INSERT [dbo].[ProductMaterial] ([Id], [ProductId], [MaterialId], [MaterialCount]) VALUES (51, 10, 18, 18)
INSERT [dbo].[ProductMaterial] ([Id], [ProductId], [MaterialId], [MaterialCount]) VALUES (52, 40, 18, 18)
INSERT [dbo].[ProductMaterial] ([Id], [ProductId], [MaterialId], [MaterialCount]) VALUES (53, 72, 18, 6)
INSERT [dbo].[ProductMaterial] ([Id], [ProductId], [MaterialId], [MaterialCount]) VALUES (54, 47, 18, 3)
INSERT [dbo].[ProductMaterial] ([Id], [ProductId], [MaterialId], [MaterialCount]) VALUES (55, 11, 46, 11)
INSERT [dbo].[ProductMaterial] ([Id], [ProductId], [MaterialId], [MaterialCount]) VALUES (56, 58, 15, 19)
INSERT [dbo].[ProductMaterial] ([Id], [ProductId], [MaterialId], [MaterialCount]) VALUES (57, 66, 12, 18)
INSERT [dbo].[ProductMaterial] ([Id], [ProductId], [MaterialId], [MaterialCount]) VALUES (58, 77, 46, 19)
INSERT [dbo].[ProductMaterial] ([Id], [ProductId], [MaterialId], [MaterialCount]) VALUES (59, 41, 17, 3)
INSERT [dbo].[ProductMaterial] ([Id], [ProductId], [MaterialId], [MaterialCount]) VALUES (60, 76, 46, 19)
INSERT [dbo].[ProductMaterial] ([Id], [ProductId], [MaterialId], [MaterialCount]) VALUES (61, 24, 12, 6)
INSERT [dbo].[ProductMaterial] ([Id], [ProductId], [MaterialId], [MaterialCount]) VALUES (62, 27, 46, 7)
INSERT [dbo].[ProductMaterial] ([Id], [ProductId], [MaterialId], [MaterialCount]) VALUES (63, 47, 12, 14)
INSERT [dbo].[ProductMaterial] ([Id], [ProductId], [MaterialId], [MaterialCount]) VALUES (64, 64, 34, 14)
INSERT [dbo].[ProductMaterial] ([Id], [ProductId], [MaterialId], [MaterialCount]) VALUES (65, 18, 34, 5)
INSERT [dbo].[ProductMaterial] ([Id], [ProductId], [MaterialId], [MaterialCount]) VALUES (66, 32, 29, 15)
INSERT [dbo].[ProductMaterial] ([Id], [ProductId], [MaterialId], [MaterialCount]) VALUES (67, 92, 5, 13)
INSERT [dbo].[ProductMaterial] ([Id], [ProductId], [MaterialId], [MaterialCount]) VALUES (68, 67, 5, 10)
INSERT [dbo].[ProductMaterial] ([Id], [ProductId], [MaterialId], [MaterialCount]) VALUES (69, 27, 5, 5)
INSERT [dbo].[ProductMaterial] ([Id], [ProductId], [MaterialId], [MaterialCount]) VALUES (70, 72, 30, 20)
INSERT [dbo].[ProductMaterial] ([Id], [ProductId], [MaterialId], [MaterialCount]) VALUES (71, 79, 41, 8)
INSERT [dbo].[ProductMaterial] ([Id], [ProductId], [MaterialId], [MaterialCount]) VALUES (72, 11, 48, 19)
INSERT [dbo].[ProductMaterial] ([Id], [ProductId], [MaterialId], [MaterialCount]) VALUES (73, 1, 3, 13)
INSERT [dbo].[ProductMaterial] ([Id], [ProductId], [MaterialId], [MaterialCount]) VALUES (74, 66, 48, 18)
INSERT [dbo].[ProductMaterial] ([Id], [ProductId], [MaterialId], [MaterialCount]) VALUES (75, 95, 47, 8)
INSERT [dbo].[ProductMaterial] ([Id], [ProductId], [MaterialId], [MaterialCount]) VALUES (76, 40, 32, 20)
INSERT [dbo].[ProductMaterial] ([Id], [ProductId], [MaterialId], [MaterialCount]) VALUES (77, 41, 32, 4)
INSERT [dbo].[ProductMaterial] ([Id], [ProductId], [MaterialId], [MaterialCount]) VALUES (78, 41, 49, 14)
INSERT [dbo].[ProductMaterial] ([Id], [ProductId], [MaterialId], [MaterialCount]) VALUES (79, 19, 7, 8)
INSERT [dbo].[ProductMaterial] ([Id], [ProductId], [MaterialId], [MaterialCount]) VALUES (80, 77, 35, 10)
INSERT [dbo].[ProductMaterial] ([Id], [ProductId], [MaterialId], [MaterialCount]) VALUES (81, 47, 28, 5)
INSERT [dbo].[ProductMaterial] ([Id], [ProductId], [MaterialId], [MaterialCount]) VALUES (82, 63, 35, 1)
INSERT [dbo].[ProductMaterial] ([Id], [ProductId], [MaterialId], [MaterialCount]) VALUES (83, 33, 28, 10)
INSERT [dbo].[ProductMaterial] ([Id], [ProductId], [MaterialId], [MaterialCount]) VALUES (84, 18, 7, 19)
INSERT [dbo].[ProductMaterial] ([Id], [ProductId], [MaterialId], [MaterialCount]) VALUES (85, 66, 32, 16)
INSERT [dbo].[ProductMaterial] ([Id], [ProductId], [MaterialId], [MaterialCount]) VALUES (86, 52, 28, 17)
INSERT [dbo].[ProductMaterial] ([Id], [ProductId], [MaterialId], [MaterialCount]) VALUES (87, 100, 44, 8)
INSERT [dbo].[ProductMaterial] ([Id], [ProductId], [MaterialId], [MaterialCount]) VALUES (88, 60, 37, 17)
INSERT [dbo].[ProductMaterial] ([Id], [ProductId], [MaterialId], [MaterialCount]) VALUES (89, 76, 37, 10)
INSERT [dbo].[ProductMaterial] ([Id], [ProductId], [MaterialId], [MaterialCount]) VALUES (90, 52, 44, 11)
INSERT [dbo].[ProductMaterial] ([Id], [ProductId], [MaterialId], [MaterialCount]) VALUES (91, 49, 43, 4)
INSERT [dbo].[ProductMaterial] ([Id], [ProductId], [MaterialId], [MaterialCount]) VALUES (92, 34, 26, 16)
INSERT [dbo].[ProductMaterial] ([Id], [ProductId], [MaterialId], [MaterialCount]) VALUES (93, 71, 26, 11)
INSERT [dbo].[ProductMaterial] ([Id], [ProductId], [MaterialId], [MaterialCount]) VALUES (94, 71, 11, 4)
INSERT [dbo].[ProductMaterial] ([Id], [ProductId], [MaterialId], [MaterialCount]) VALUES (95, 66, 44, 12)
INSERT [dbo].[ProductMaterial] ([Id], [ProductId], [MaterialId], [MaterialCount]) VALUES (96, 92, 44, 16)
INSERT [dbo].[ProductMaterial] ([Id], [ProductId], [MaterialId], [MaterialCount]) VALUES (97, 95, 11, 3)
INSERT [dbo].[ProductMaterial] ([Id], [ProductId], [MaterialId], [MaterialCount]) VALUES (98, 32, 43, 4)
INSERT [dbo].[ProductMaterial] ([Id], [ProductId], [MaterialId], [MaterialCount]) VALUES (99, 63, 37, 10)
INSERT [dbo].[ProductMaterial] ([Id], [ProductId], [MaterialId], [MaterialCount]) VALUES (100, 72, 44, 6)
GO
INSERT [dbo].[ProductType] ([Id], [Name]) VALUES (1, N'Три слоя')
INSERT [dbo].[ProductType] ([Id], [Name]) VALUES (2, N'Два слоя')
INSERT [dbo].[ProductType] ([Id], [Name]) VALUES (3, N'Детская')
INSERT [dbo].[ProductType] ([Id], [Name]) VALUES (4, N'Супер мягкая')
INSERT [dbo].[ProductType] ([Id], [Name]) VALUES (5, N'Один слой')
GO
INSERT [dbo].[Workshop] ([Id], [Name]) VALUES (1, N'Цех №1')
INSERT [dbo].[Workshop] ([Id], [Name]) VALUES (2, N'Цех №2')
INSERT [dbo].[Workshop] ([Id], [Name]) VALUES (3, N'Цех №3')
INSERT [dbo].[Workshop] ([Id], [Name]) VALUES (4, N'Цех №4')
INSERT [dbo].[Workshop] ([Id], [Name]) VALUES (5, N'Цех №5')
INSERT [dbo].[Workshop] ([Id], [Name]) VALUES (6, N'Цех №6')
INSERT [dbo].[Workshop] ([Id], [Name]) VALUES (7, N'Цех №7')
INSERT [dbo].[Workshop] ([Id], [Name]) VALUES (8, N'Цех №8')
INSERT [dbo].[Workshop] ([Id], [Name]) VALUES (9, N'Цех №9')
INSERT [dbo].[Workshop] ([Id], [Name]) VALUES (10, N'Цех №10')
GO
ALTER TABLE [dbo].[Material]  WITH CHECK ADD  CONSTRAINT [FK_Material_MaterialType] FOREIGN KEY([MaterialTypeId])
REFERENCES [dbo].[MaterialType] ([Id])
GO
ALTER TABLE [dbo].[Material] CHECK CONSTRAINT [FK_Material_MaterialType]
GO
ALTER TABLE [dbo].[Material]  WITH CHECK ADD  CONSTRAINT [FK_Material_MeasurementType] FOREIGN KEY([MeasurementTypeId])
REFERENCES [dbo].[MeasurementType] ([Id])
GO
ALTER TABLE [dbo].[Material] CHECK CONSTRAINT [FK_Material_MeasurementType]
GO
ALTER TABLE [dbo].[Product]  WITH CHECK ADD  CONSTRAINT [FK_Product_ProductType] FOREIGN KEY([ProductTypeId])
REFERENCES [dbo].[ProductType] ([Id])
GO
ALTER TABLE [dbo].[Product] CHECK CONSTRAINT [FK_Product_ProductType]
GO
ALTER TABLE [dbo].[Product]  WITH CHECK ADD  CONSTRAINT [FK_Product_ProductType1] FOREIGN KEY([ProductTypeId])
REFERENCES [dbo].[ProductType] ([Id])
GO
ALTER TABLE [dbo].[Product] CHECK CONSTRAINT [FK_Product_ProductType1]
GO
ALTER TABLE [dbo].[Product]  WITH CHECK ADD  CONSTRAINT [FK_Product_Workshop] FOREIGN KEY([WorkshopId])
REFERENCES [dbo].[Workshop] ([Id])
GO
ALTER TABLE [dbo].[Product] CHECK CONSTRAINT [FK_Product_Workshop]
GO
ALTER TABLE [dbo].[ProductMaterial]  WITH CHECK ADD  CONSTRAINT [FK_ProductMaterial_Material] FOREIGN KEY([MaterialId])
REFERENCES [dbo].[Material] ([Id])
GO
ALTER TABLE [dbo].[ProductMaterial] CHECK CONSTRAINT [FK_ProductMaterial_Material]
GO
ALTER TABLE [dbo].[ProductMaterial]  WITH CHECK ADD  CONSTRAINT [FK_ProductMaterial_Product] FOREIGN KEY([ProductId])
REFERENCES [dbo].[Product] ([Id])
GO
ALTER TABLE [dbo].[ProductMaterial] CHECK CONSTRAINT [FK_ProductMaterial_Product]
GO
